document_id,source_file,section_or_page,document_type,source_org,category,service_task,risk_type,retrieval_tags,summary,key_evidence,recommended_output,chunk_text,metadata_json,reliability_score,priority,status,risk_category
CASE_QNA_0001,피해구제사례1.pdf,p.1 / Q1,CASE_QNA,한국소비자원,공통,전체 리모델링,"하자보수, 품질보증기간","리모델링, 하자담보기간, 하자보수, 실내건축공사",리모델링 후 6개월 이상 하자가 계속 발견되고 사업자가 보수를 거절하는 사례.,"실내건축공사의 하자담보기간은 1년으로 제시되어, 기간 내 발생 하자는 보수 요구 가능.",리스크 리포트에서 '하자보수 기간 확인' 및 '공사완료일 기준 보증기간 확인' 안내.,"입주 20년 아파트 전체 리모델링 후 6개월 이상 하자가 발견된 경우, 실내건축공사의 하자담보기간 1년 기준에 따라 발생한 하자에 대해 보수 공사를 요구할 수 있다.","{""document_id"": ""CASE_QNA_0001"", ""document_type"": ""CASE_QNA"", ""source_file"": ""피해구제사례1.pdf"", ""source_org"": ""한국소비자원"", ""category"": ""공통"", ""service_task"": ""전체 리모델링"", ""risk_type"": [""하자보수"", ""품질보증기간""], ""retrieval_tags"": [""리모델링"", ""하자담보기간"", ""하자보수"", ""실내건축공사""], ""reliability_score"": 0.95, ""priority"": ""상"", ""risk_category"": ""CONTRACT""}",0.95,상,사용,CONTRACT
CASE_QNA_0002,피해구제사례1.pdf,p.1 / Q2,CASE_QNA,한국소비자원,발코니/창호,발코니 확장,"결로, 하자보수, 책임소재","발코니, 확장, 결로, 분양사업자, 하자담보책임",분양아파트 발코니 확장 후 결로가 개선되지 않는 사례.,분양계약 당시 분양사업자에게 발코니 확장을 의뢰하고 대금을 지급했다면 분양사업자 책임 검토 가능.,"발코니 확장 견적 시 '결로 가능성', '단열/창호 성능 확인', '책임주체 명시' 안내.","발코니 확장 공사는 실외공간을 사실상 실내공간으로 전환하는 작업이므로, 결로 발생 가능성이 높다. 분양사업자에게 일괄 의뢰·대금 지급한 경우 하자담보책임을 물을 수 있다.","{""document_id"": ""CASE_QNA_0002"", ""document_type"": ""CASE_QNA"", ""source_file"": ""피해구제사례1.pdf"", ""source_org"": ""한국소비자원"", ""category"": ""발코니/창호"", ""service_task"": ""발코니 확장"", ""risk_type"": [""결로"", ""하자보수"", ""책임소재""], ""retrieval_tags"": [""발코니"", ""확장"", ""결로"", ""분양사업자"", ""하자담보책임""], ""reliability_score"": 0.95, ""priority"": ""상"", ""risk_category"": ""FIELD""}",0.95,상,사용,FIELD
CASE_QNA_0003,피해구제사례1.pdf,p.1~2 / Q3,CASE_QNA,한국소비자원,주방/욕실/타일,"싱크대 설치, 타일공사, 배관공사","시공불량, 하자보수, 손해배상, 계약해제","싱크대, 수평불량, 상부장, 도급계약, 민법 667조, 민법 668조",싱크대 수평 불량 및 상부장 쏠림 등 명백한 시공상 하자 사례.,"성능·기능·외관상 분명한 하자가 확인되면 보수 및 손해배상을 청구할 수 있고, 목적 달성 불가 시 계약해제 검토 가능.","싱크대/수납장 견적 시 '수평·고정 상태 검수', '하자보수 청구 가능성' 안내.",싱크대 수평 불량이나 상부장 기울어짐처럼 성능·기능·외관상 분명한 하자가 있으면 업체는 하자부위를 보수해야 한다. 도급계약상 완성 목적물 하자에 대해 보수·손해배상 청구가 가능하다.,"{""document_id"": ""CASE_QNA_0003"", ""document_type"": ""CASE_QNA"", ""source_file"": ""피해구제사례1.pdf"", ""source_org"": ""한국소비자원"", ""category"": ""주방/욕실/타일"", ""service_task"": ""싱크대 설치, 타일공사, 배관공사"", ""risk_type"": [""시공불량"", ""하자보수"", ""손해배상"", ""계약해제""], ""retrieval_tags"": [""싱크대"", ""수평불량"", ""상부장"", ""도급계약"", ""민법 667조"", ""민법 668조""], ""reliability_score"": 0.95, ""priority"": ""상"", ""risk_category"": ""CONTRACT""}",0.95,상,사용,CONTRACT
CASE_QNA_0004,피해구제사례1.pdf,p.2 / Q4,CASE_QNA,한국소비자원,가전/설비,보일러 수리,"품질보증, 부품미보유, 교환/환급","보일러, 수리불가, 부품보유기간, 품질보증기간, 교환, 환급",설치 1년 미만 보일러 하자 발생 후 부품 미보유로 수리가 불가능한 사례.,"품질보증기간 내 정상 사용 중 발생한 성능·기능 하자는 무상수리, 수리 불가능 시 교환 또는 환급 기준 적용.",보일러 견적/수리 안내 시 '품질보증기간·부품보유기간 확인' 안내.,"품질보증기간 내 보일러 성능·기능상 하자가 발생했는데 부품 미보유로 수리가 불가능한 경우, 소비자분쟁해결기준에 따라 제품교환 또는 구입가 환급을 검토할 수 있다.","{""document_id"": ""CASE_QNA_0004"", ""document_type"": ""CASE_QNA"", ""source_file"": ""피해구제사례1.pdf"", ""source_org"": ""한국소비자원"", ""category"": ""가전/설비"", ""service_task"": ""보일러 수리"", ""risk_type"": [""품질보증"", ""부품미보유"", ""교환/환급""], ""retrieval_tags"": [""보일러"", ""수리불가"", ""부품보유기간"", ""품질보증기간"", ""교환"", ""환급""], ""reliability_score"": 0.9, ""priority"": ""중"", ""risk_category"": ""CONTRACT""}",0.9,중,사용,CONTRACT
CASE_QNA_0005,피해구제사례1.pdf,p.2 / Q5,CASE_QNA,한국소비자원,가전/설비,보일러 누수 수리,"누수, 반복하자, 환급","보일러, 누수, 동일하자, 반복수리, 환급",보일러 설치 후 누수가 1년 넘게 반복되고 환급 요구가 거절된 사례.,동일 하자에 대해 2회까지 수리 후 재발하면 수리 불가능으로 보아 환급 가능.,보일러 누수 리포트에서 '동일 하자 반복 여부'와 '수리 이력 보관' 안내.,"보일러 누수가 반복되고 동일 하자에 대해 2회 수리 후 재발한 경우, 수리 불가능으로 보아 제품교환 또는 구입가 환급을 요구할 수 있다.","{""document_id"": ""CASE_QNA_0005"", ""document_type"": ""CASE_QNA"", ""source_file"": ""피해구제사례1.pdf"", ""source_org"": ""한국소비자원"", ""category"": ""가전/설비"", ""service_task"": ""보일러 누수 수리"", ""risk_type"": [""누수"", ""반복하자"", ""환급""], ""retrieval_tags"": [""보일러"", ""누수"", ""동일하자"", ""반복수리"", ""환급""], ""reliability_score"": 0.9, ""priority"": ""중"", ""risk_category"": ""CONTRACT""}",0.9,중,사용,CONTRACT
CASE_QNA_0006,피해구제사례1.pdf,p.2~3 / Q6,CASE_QNA,한국소비자원,공동주택,하자보수,"균열, 누수, 하자보수보증금, 하자담보책임","공동주택, 하자보수보증금, 균열, 누수, 하자담보책임, 소송",신축 아파트에서 균열·누수 등 하자가 반복되고 하자보수보증금 부족을 이유로 보수를 거절한 사례.,하자보수보증금 포기 여부와 관계없이 하자담보책임기간 내 발생한 하자에 대해 사업자 책임이 유지됨.,공동주택 리스크 리포트에서 '보증금과 별개로 하자담보책임 존재' 안내.,"공동주택에서 하자보수보증금이 부족하거나 사업자가 보증금을 포기하더라도, 하자담보책임 기간 내 발생한 하자에 대해서는 사업자에게 보수를 요구할 수 있다.","{""document_id"": ""CASE_QNA_0006"", ""document_type"": ""CASE_QNA"", ""source_file"": ""피해구제사례1.pdf"", ""source_org"": ""한국소비자원"", ""category"": ""공동주택"", ""service_task"": ""하자보수"", ""risk_type"": [""균열"", ""누수"", ""하자보수보증금"", ""하자담보책임""], ""retrieval_tags"": [""공동주택"", ""하자보수보증금"", ""균열"", ""누수"", ""하자담보책임"", ""소송""], ""reliability_score"": 0.95, ""priority"": ""상"", ""risk_category"": ""CONTRACT""}",0.95,상,사용,CONTRACT
DISPUTE_0001,소비자분쟁해결기준 개정안(2025).pdf,제1~3조,DISPUTE_STANDARD,공정거래위원회,공통,분쟁해결 기준,"피해구제, 분쟁조정","소비자분쟁해결기준, 피해구제청구, 한국소비자원, 품목별 기준",소비자와 사업자 간 분쟁 해결을 위한 품목별 기준의 목적과 피해구제 청구 근거.,"합의가 어려운 경우 중앙행정기관, 시·도지사, 한국소비자원장 또는 소비자단체에 피해구제 청구 가능.",리스크 리포트 하단에 '분쟁 발생 시 소비자원 등 피해구제 절차 이용 가능' 안내.,"소비자분쟁해결기준은 소비자와 사업자 간 분쟁을 원활히 해결하기 위한 구체적 합의·권고 기준이며, 합의가 되지 않을 경우 한국소비자원장 등에게 피해구제를 청구할 수 있다.","{""document_id"": ""DISPUTE_0001"", ""document_type"": ""DISPUTE_STANDARD"", ""source_file"": ""소비자분쟁해결기준 개정안(2025).pdf"", ""source_org"": ""공정거래위원회"", ""category"": ""공통"", ""service_task"": ""분쟁해결 기준"", ""risk_type"": [""피해구제"", ""분쟁조정""], ""retrieval_tags"": [""소비자분쟁해결기준"", ""피해구제청구"", ""한국소비자원"", ""품목별 기준""], ""reliability_score"": 1.0, ""priority"": ""중"", ""risk_category"": ""CONTRACT""}",1,중,사용,CONTRACT
DISPUTE_0002,소비자분쟁해결기준 개정안(2025).pdf,실내건축공사업,DISPUTE_STANDARD,공정거래위원회,실내건축,실내건축공사,"시공하자, 품질불량, 누수, 방수불량, 단열하자","실내건축공사업, 내부마감, 방수, 타일, 조적, 누수, 단열",실내건축공사의 범위와 누수·방수·단열 등 기능상 하자 개선 공사 준용 기준.,내부 도장·미장·방수·타일·조적공사 및 누수·방수·단열 기능상 하자 개선 공사가 실내건축 기준에 포함 또는 준용됨.,대부분의 인테리어 리스크 리포트에서 기본 근거 문서로 활용.,"실내건축공사업 기준은 건축물 내부를 용도와 기능에 맞게 건설·마감하는 공사에 적용되며, 내부 도장·미장·방수·타일·조적공사와 누수·방수·단열 등 기능상 하자 개선 공사에도 준용할 수 있다.","{""document_id"": ""DISPUTE_0002"", ""document_type"": ""DISPUTE_STANDARD"", ""source_file"": ""소비자분쟁해결기준 개정안(2025).pdf"", ""source_org"": ""공정거래위원회"", ""category"": ""실내건축"", ""service_task"": ""실내건축공사"", ""risk_type"": [""시공하자"", ""품질불량"", ""누수"", ""방수불량"", ""단열하자""], ""retrieval_tags"": [""실내건축공사업"", ""내부마감"", ""방수"", ""타일"", ""조적"", ""누수"", ""단열""], ""reliability_score"": 1.0, ""priority"": ""상"", ""risk_category"": ""CONTRACT""}",1,상,사용,CONTRACT
DISPUTE_0003,소비자분쟁해결기준 개정안(2025).pdf,실내건축 품목별 하자기준,DISPUTE_STANDARD,공정거래위원회,욕실/주방,위생기구 설치,"작동불량, 균열, 누수, 도금불량, 규격미달","위생기구, 수전, 세면대, 변기, 누수, 작동불량",위생기구의 품질불량과 시공상 하자 유형을 리스크 태그로 활용.,"위생기구 품질불량은 작동불량·색채불량·균열·도금불량·기준규격 미달, 시공상 하자는 파손·작동불량·균열·누수로 제시됨.",욕실/주방 수전·세면대·변기 작업에서 핵심 검수항목으로 안내.,"위생기구는 작동불량, 균열, 도금불량, 기준규격 미달, 파손, 누수 등이 주요 하자 유형이므로 설치 후 작동·누수·외관을 확인해야 한다.","{""document_id"": ""DISPUTE_0003"", ""document_type"": ""DISPUTE_STANDARD"", ""source_file"": ""소비자분쟁해결기준 개정안(2025).pdf"", ""source_org"": ""공정거래위원회"", ""category"": ""욕실/주방"", ""service_task"": ""위생기구 설치"", ""risk_type"": [""작동불량"", ""균열"", ""누수"", ""도금불량"", ""규격미달""], ""retrieval_tags"": [""위생기구"", ""수전"", ""세면대"", ""변기"", ""누수"", ""작동불량""], ""reliability_score"": 1.0, ""priority"": ""상"", ""risk_category"": ""CONTRACT""}",1,상,사용,CONTRACT
DISPUTE_0004,소비자분쟁해결기준 개정안(2025).pdf,실내건축 품목별 하자기준,DISPUTE_STANDARD,공정거래위원회,벽지/도배,도배공사,"변퇴색, 보풀, 품질불량","벽지, 도배, 변퇴색, 색채불량, 보풀현상",벽지의 품질불량 및 시공상 하자 유형 정리.,"벽지는 변·퇴색, 색채불량, 기준규격 미달, 보풀현상 등이 하자 유형으로 제시됨.",도배 리스크 리포트에서 색상·자재·마감상태 확인 항목으로 안내.,"도배 작업은 변·퇴색, 색채불량, 기준규격 미달, 보풀현상 등이 발생할 수 있으므로 자재 샘플과 마감 상태를 계약·검수 단계에서 확인해야 한다.","{""document_id"": ""DISPUTE_0004"", ""document_type"": ""DISPUTE_STANDARD"", ""source_file"": ""소비자분쟁해결기준 개정안(2025).pdf"", ""source_org"": ""공정거래위원회"", ""category"": ""벽지/도배"", ""service_task"": ""도배공사"", ""risk_type"": [""변퇴색"", ""보풀"", ""품질불량""], ""retrieval_tags"": [""벽지"", ""도배"", ""변퇴색"", ""색채불량"", ""보풀현상""], ""reliability_score"": 1.0, ""priority"": ""중"", ""risk_category"": ""CONTRACT""}",1,중,사용,CONTRACT
DISPUTE_0005,소비자분쟁해결기준 개정안(2025).pdf,실내건축 품목별 하자기준,DISPUTE_STANDARD,공정거래위원회,타일,타일공사,"접착불량, 백화, 동해, 품질불량","타일, 백화, 동해, 접착불량, 규격미달",타일의 품질불량과 시공상 하자 유형을 리스크 유형으로 활용.,"타일은 변·퇴색, 기준규격 미달, 백화·동해현상, 접착불량 등이 하자 유형으로 제시됨.",타일 견적/시공 리포트에서 접착상태·줄눈·백화 리스크 안내.,"타일공사는 변·퇴색, 기준규격 미달, 백화·동해현상, 접착불량 등이 주요 하자 유형이므로 바탕면, 접착제, 줄눈 및 시공 후 들뜸 검사가 중요하다.","{""document_id"": ""DISPUTE_0005"", ""document_type"": ""DISPUTE_STANDARD"", ""source_file"": ""소비자분쟁해결기준 개정안(2025).pdf"", ""source_org"": ""공정거래위원회"", ""category"": ""타일"", ""service_task"": ""타일공사"", ""risk_type"": [""접착불량"", ""백화"", ""동해"", ""품질불량""], ""retrieval_tags"": [""타일"", ""백화"", ""동해"", ""접착불량"", ""규격미달""], ""reliability_score"": 1.0, ""priority"": ""상"", ""risk_category"": ""CONTRACT""}",1,상,사용,CONTRACT
DISPUTE_0006,54. 창호공사업(1개 업종).pdf,창호공사업 1),DISPUTE_STANDARD,공정거래위원회,창호,창호공사,"시공하자, 균열, 누수, 파손, 하자보수","창호, 샷시, 균열, 누수, 파손, 무상수리, 유상수리",창호공사 시공상 하자에 대한 하자보수 책임기간 내외 기준.,"시공상 하자(균열·누수·파손 등)는 하자보수 책임기간 이내 무상수리, 이후 유상수리.",창호/샷시 리스크 리포트에서 누수·균열·파손과 무상수리기간 확인 안내.,"창호공사에서 균열·누수·파손 등 시공상 하자가 발생한 경우, 하자보수 책임기간 이내에는 무상수리 기준을 적용하고 이후에는 유상수리 기준을 적용한다.","{""document_id"": ""DISPUTE_0006"", ""document_type"": ""DISPUTE_STANDARD"", ""source_file"": ""54. 창호공사업(1개 업종).pdf"", ""source_org"": ""공정거래위원회"", ""category"": ""창호"", ""service_task"": ""창호공사"", ""risk_type"": [""시공하자"", ""균열"", ""누수"", ""파손"", ""하자보수""], ""retrieval_tags"": [""창호"", ""샷시"", ""균열"", ""누수"", ""파손"", ""무상수리"", ""유상수리""], ""reliability_score"": 1.0, ""priority"": ""상"", ""risk_category"": ""CONTRACT""}",1,상,사용,CONTRACT
DISPUTE_0007,54. 창호공사업(1개 업종).pdf,창호공사업 2),DISPUTE_STANDARD,공정거래위원회,창호,창호 규격/자재,"규격미달, 차액환급, 교체시공","창호, 규격미달, 시공비 차액, 교체시공, 유리두께",창호 규격미달 시 교체시공 또는 시공비 차액 환급 기준.,규격미달은 사업자 책임 하에 교체시공하거나 시공비 차액 환급.,창호 견적 시 제품명·색상·유리두께 등 규격 명시 필요 안내.,"창호 자재가 계약 규격보다 미달하면 사업자 책임으로 교체시공하거나 시공비 차액 환급을 요구할 수 있으므로 제품명, 색상, 유리두께 등 규격을 계약서에 명확히 적어야 한다.","{""document_id"": ""DISPUTE_0007"", ""document_type"": ""DISPUTE_STANDARD"", ""source_file"": ""54. 창호공사업(1개 업종).pdf"", ""source_org"": ""공정거래위원회"", ""category"": ""창호"", ""service_task"": ""창호 규격/자재"", ""risk_type"": [""규격미달"", ""차액환급"", ""교체시공""], ""retrieval_tags"": [""창호"", ""규격미달"", ""시공비 차액"", ""교체시공"", ""유리두께""], ""reliability_score"": 1.0, ""priority"": ""상"", ""risk_category"": ""CONTRACT""}",1,상,사용,CONTRACT
DISPUTE_0008,54. 창호공사업(1개 업종).pdf,창호공사업 3),DISPUTE_STANDARD,공정거래위원회,창호,사업자 귀책 계약해제,"계약해제, 환급, 배상, 공사지연","창호, 계약해제, 선급금, 총시공비 10%, 대금정산",사업자 귀책사유로 인한 창호공사 계약해제 기준.,"공사시작 전에는 선급금 전액 환급 및 총시공비 10% 배상, 공사시작 후에는 대금정산 후 총시공비 10% 배상.",창호 공사 지연·미이행 리포트에서 계약해제 시 환급/배상 기준 안내.,"사업자 귀책으로 창호공사 계약을 해제하는 경우 공사시작 전에는 선급금 전액 환급과 총시공비 10% 배상, 공사시작 후에는 대금정산 후 총시공비 10% 배상 기준을 검토한다.","{""document_id"": ""DISPUTE_0008"", ""document_type"": ""DISPUTE_STANDARD"", ""source_file"": ""54. 창호공사업(1개 업종).pdf"", ""source_org"": ""공정거래위원회"", ""category"": ""창호"", ""service_task"": ""사업자 귀책 계약해제"", ""risk_type"": [""계약해제"", ""환급"", ""배상"", ""공사지연""], ""retrieval_tags"": [""창호"", ""계약해제"", ""선급금"", ""총시공비 10%"", ""대금정산""], ""reliability_score"": 1.0, ""priority"": ""상"", ""risk_category"": ""CONTRACT""}",1,상,사용,CONTRACT
DISPUTE_0009,54. 창호공사업(1개 업종).pdf,창호공사업 4),DISPUTE_STANDARD,공정거래위원회,창호,소비자 귀책 계약해제,"계약해제, 위약금, 실손해액","창호, 계약금, 실측, 공사착수, 실손해액",소비자 귀책사유로 인한 창호공사 계약해제 기준.,"계약 또는 실측만 한 경우 계약금을 위약금으로 하되 총 시공비의 10% 한도, 제작 또는 공사 착수 시 실손해액 배상.",소비자 요청 취소 리스크에서 취소 시점별 부담 가능성 안내.,"소비자 사정으로 창호공사 계약을 해제하는 경우, 계약 또는 실측만 했다면 총 시공비 10% 한도 내 계약금 위약금, 제작·공사 착수 후에는 사업자가 입증하는 실손해액 배상이 문제될 수 있다.","{""document_id"": ""DISPUTE_0009"", ""document_type"": ""DISPUTE_STANDARD"", ""source_file"": ""54. 창호공사업(1개 업종).pdf"", ""source_org"": ""공정거래위원회"", ""category"": ""창호"", ""service_task"": ""소비자 귀책 계약해제"", ""risk_type"": [""계약해제"", ""위약금"", ""실손해액""], ""retrieval_tags"": [""창호"", ""계약금"", ""실측"", ""공사착수"", ""실손해액""], ""reliability_score"": 1.0, ""priority"": ""중"", ""risk_category"": ""CONTRACT""}",1,중,사용,CONTRACT
CONTRACT_STD_0001,실내건축 표준계약서(공정거래위원회).hwp,제2조,CONTRACT_STANDARD,공정거래위원회,공통,계약체결,"계약서미작성, 공사범위불명확, 계약분쟁","표준계약서, 계약서 제공, 설명 의무, 공사면허, 계약항목",시공업자의 계약서 제공·설명 의무와 필수 설명 항목.,"시공장소/일정, 공사비, 공사범위, 연체료/지체보상금, 계약해제, 하자보수 등을 소비자가 이해할 수 있도록 설명해야 함.",모든 리스크 리포트에서 계약서 작성 및 필수 항목 확인 체크리스트로 사용.,계약 체결 시 시공업자는 계약서와 공사면허 등을 제공하고 시공장소·공사일정·공사비·공사범위·연체료·지체보상금·계약해제·하자보수 조항을 설명해야 한다.,"{""document_id"": ""CONTRACT_STD_0001"", ""document_type"": ""CONTRACT_STANDARD"", ""source_file"": ""실내건축 표준계약서(공정거래위원회).hwp"", ""source_org"": ""공정거래위원회"", ""category"": ""공통"", ""service_task"": ""계약체결"", ""risk_type"": [""계약서미작성"", ""공사범위불명확"", ""계약분쟁""], ""retrieval_tags"": [""표준계약서"", ""계약서 제공"", ""설명 의무"", ""공사면허"", ""계약항목""], ""reliability_score"": 1.0, ""priority"": ""상"", ""risk_category"": ""CONTRACT""}",1,상,사용,CONTRACT
CONTRACT_STD_0002,실내건축 표준계약서(공정거래위원회).hwp,제3조,CONTRACT_STANDARD,공정거래위원회,공통,공사범위/내역서,"공사범위불명확, 추가비용, 자재변경","공사내역, 물량, 시공자재, 제품, 규격, 창호 유리두께",계약내용에 공사범위·물량·자재 제품·규격을 명확히 기재해야 함.,"시공업자는 소비자가 쉽게 이해하도록 공사의 범위와 물량, 시공자재의 제품·규격을 기재한 별도 내역서를 제출해야 함.",견적서/계약서에 공사 범위와 자재 스펙 명시 필요 안내.,"공사 범위와 물량, 시공자재의 제품·규격이 불명확하면 추가비용·자재분쟁이 발생할 수 있으므로 별도 내역서로 명확히 기재해야 한다.","{""document_id"": ""CONTRACT_STD_0002"", ""document_type"": ""CONTRACT_STANDARD"", ""source_file"": ""실내건축 표준계약서(공정거래위원회).hwp"", ""source_org"": ""공정거래위원회"", ""category"": ""공통"", ""service_task"": ""공사범위/내역서"", ""risk_type"": [""공사범위불명확"", ""추가비용"", ""자재변경""], ""retrieval_tags"": [""공사내역"", ""물량"", ""시공자재"", ""제품"", ""규격"", ""창호 유리두께""], ""reliability_score"": 1.0, ""priority"": ""상"", ""risk_category"": ""EXTRA_COST""}",1,상,사용,EXTRA_COST
CONTRACT_STD_0003,실내건축 표준계약서(공정거래위원회).hwp,제5조,CONTRACT_STANDARD,공정거래위원회,공통,대금지급/하자발견,"하자보수, 대금지급거절, 계약분쟁","잔금, 하자보수, 하자보수에 갈음하는 금액, 지급거절",하자 발견 시 소비자가 하자보수 또는 하자보수에 갈음하는 금액을 청구할 수 있음.,"하자보수 또는 그에 갈음하는 금액을 청구한 경우, 그에 상응하는 공사금액 지급을 거절할 수 있음.",잔금 지급 전 검수와 하자 발견 시 대응 방법 안내.,"공사대금을 지급할 때 하자가 발견되면 하자보수 또는 하자보수에 갈음하는 금액을 청구할 수 있고, 그 금액에 상응하는 공사대금 지급을 거절할 수 있다.","{""document_id"": ""CONTRACT_STD_0003"", ""document_type"": ""CONTRACT_STANDARD"", ""source_file"": ""실내건축 표준계약서(공정거래위원회).hwp"", ""source_org"": ""공정거래위원회"", ""category"": ""공통"", ""service_task"": ""대금지급/하자발견"", ""risk_type"": [""하자보수"", ""대금지급거절"", ""계약분쟁""], ""retrieval_tags"": [""잔금"", ""하자보수"", ""하자보수에 갈음하는 금액"", ""지급거절""], ""reliability_score"": 1.0, ""priority"": ""상"", ""risk_category"": ""CONTRACT""}",1,상,사용,CONTRACT
CONTRACT_STD_0004,실내건축 표준계약서(공정거래위원회).hwp,제6조,CONTRACT_STANDARD,공정거래위원회,공통,공사지연,"공사지연, 지연손해금, 지체보상","공사지연, 공사완료일, 지연손해금, 연체이율",시공업자가 공사완료일을 준수하지 않을 경우 지연손해금 기준.,공사지연일부터 최종 완공일까지 소비자가 지급한 금액에 대해 연체이율을 적용한 지연손해금 지급.,공사기간이 있는 견적에서 지연 리스크와 완료일 명시 필요 안내.,시공업자가 계약서의 공사완료일을 지키지 못하면 공사지연일부터 완공일까지 지연손해금이 문제될 수 있으므로 계약서에 완료일과 지연배상 기준을 명시해야 한다.,"{""document_id"": ""CONTRACT_STD_0004"", ""document_type"": ""CONTRACT_STANDARD"", ""source_file"": ""실내건축 표준계약서(공정거래위원회).hwp"", ""source_org"": ""공정거래위원회"", ""category"": ""공통"", ""service_task"": ""공사지연"", ""risk_type"": [""공사지연"", ""지연손해금"", ""지체보상""], ""retrieval_tags"": [""공사지연"", ""공사완료일"", ""지연손해금"", ""연체이율""], ""reliability_score"": 1.0, ""priority"": ""상"", ""risk_category"": ""CONTRACT""}",1,상,사용,CONTRACT
CONTRACT_STD_0005,실내건축 표준계약서(공정거래위원회).hwp,제7조,CONTRACT_STANDARD,공정거래위원회,공통,계약해제/위약금,"계약해제, 위약금, 착공지연","계약해제, 착공지연, 실측, 공사착수, 실손해액",공사완성 가능성이 없거나 계약조건 위반 시 계약해제 가능성과 위약금 기준.,"계약 또는 실측만 한 경우 총 공사금액 10% 한도, 제작/공사 착수 시 실손해액 배상.",공사 취소/지연 리스크에서 취소 시점별 위약금 안내.,"시공업자의 귀책으로 공사완료가 불가능하거나 계약조건을 위반하면 계약해제를 검토할 수 있고, 귀책사유와 진행 단계에 따라 위약금 또는 실손해액 배상이 문제될 수 있다.","{""document_id"": ""CONTRACT_STD_0005"", ""document_type"": ""CONTRACT_STANDARD"", ""source_file"": ""실내건축 표준계약서(공정거래위원회).hwp"", ""source_org"": ""공정거래위원회"", ""category"": ""공통"", ""service_task"": ""계약해제/위약금"", ""risk_type"": [""계약해제"", ""위약금"", ""착공지연""], ""retrieval_tags"": [""계약해제"", ""착공지연"", ""실측"", ""공사착수"", ""실손해액""], ""reliability_score"": 1.0, ""priority"": ""상"", ""risk_category"": ""CONTRACT""}",1,상,사용,CONTRACT
CONTRACT_STD_0006,실내건축 표준계약서(공정거래위원회).hwp,제8조,CONTRACT_STANDARD,공정거래위원회,공통,공사변경,"추가비용, 자재변경, 공사범위변경","공사변경, 자재변경, 동질동가, 추가비용, 협의",자재 변경 또는 소비자 사정에 의한 공사내용 변경 시 협의와 비용 부담 기준.,계약한 제품 공급 불가 시 협의 후 동질·동가 제품으로 변경 가능하나 이를 이유로 공사금액 인상 불가. 소비자 사정 변경의 추가비용은 소비자가 지급.,추가공사/자재변경 리스크에서 사전 서면 협의 필요 안내.,"공사 설계·자재 변경은 소비자와 시공업자의 협의가 필요하며, 소비자 사정으로 공사내용이 변경되면 추가비용이 발생할 수 있으므로 변경 내역을 서면으로 남겨야 한다.","{""document_id"": ""CONTRACT_STD_0006"", ""document_type"": ""CONTRACT_STANDARD"", ""source_file"": ""실내건축 표준계약서(공정거래위원회).hwp"", ""source_org"": ""공정거래위원회"", ""category"": ""공통"", ""service_task"": ""공사변경"", ""risk_type"": [""추가비용"", ""자재변경"", ""공사범위변경""], ""retrieval_tags"": [""공사변경"", ""자재변경"", ""동질동가"", ""추가비용"", ""협의""], ""reliability_score"": 1.0, ""priority"": ""상"", ""risk_category"": ""EXTRA_COST""}",1,상,사용,EXTRA_COST
CONTRACT_STD_0007,실내건축 표준계약서(공정거래위원회).hwp,제10조,CONTRACT_STANDARD,공정거래위원회,실내건축/창호,하자보수,"하자보수, 균열, 누수, 파손, 규격미달","무상수리기간, 실내건축 1년, 창호 2년, 유리 1년, 규격미달",공사완료 후 하자 발생 시 무상수리 기간과 규격미달 손해배상 기준.,"실내건축은 공사 종료 후 1년, 창호는 2년(유리 1년) 이내 무상수리. 제품이 규격 미달이면 교체시공 또는 차액 환급 등 청구 가능.",리스크 리포트에서 하자보수 기간과 규격 확인 항목으로 사용.,"공사완료 후 균열·누수·파손 등의 하자가 발생하면 실내건축은 1년, 창호는 2년(유리는 1년) 이내 무상수리 대상이 될 수 있으며, 계약 규격 미달은 교체시공이나 차액 환급을 검토할 수 있다.","{""document_id"": ""CONTRACT_STD_0007"", ""document_type"": ""CONTRACT_STANDARD"", ""source_file"": ""실내건축 표준계약서(공정거래위원회).hwp"", ""source_org"": ""공정거래위원회"", ""category"": ""실내건축/창호"", ""service_task"": ""하자보수"", ""risk_type"": [""하자보수"", ""균열"", ""누수"", ""파손"", ""규격미달""], ""retrieval_tags"": [""무상수리기간"", ""실내건축 1년"", ""창호 2년"", ""유리 1년"", ""규격미달""], ""reliability_score"": 1.0, ""priority"": ""상"", ""risk_category"": ""CONTRACT""}",1,상,사용,CONTRACT
CONTRACT_SAMPLE_0001,[아정당인테리어]+인테리어+공사+계약서_개인고객+(2).pdf,제1~3조,CONTRACT_SAMPLE,민간 계약서 샘플,공통,공사개요/대금지급,"대금분쟁, 공사기간불명확","공사명, 공사장소, 공사범위, 계약금, 중도금, 잔금",실제 민간 계약서 샘플의 공사개요와 대금지급 구조.,"공사명·장소·범위·기간, 총공사비, 계약금/착수금/중도금/잔금 지급 구조 포함.",계약서 예시 비교용. 표준계약서보다 우선도는 낮게 사용.,"실제 계약서에는 공사명, 공사장소, 공사범위, 공사기간, 총공사비와 계약금·착수금·중도금·잔금 지급 일정이 포함되어야 대금분쟁을 줄일 수 있다.","{""document_id"": ""CONTRACT_SAMPLE_0001"", ""document_type"": ""CONTRACT_SAMPLE"", ""source_file"": ""[아정당인테리어]+인테리어+공사+계약서_개인고객+(2).pdf"", ""source_org"": ""민간 계약서 샘플"", ""category"": ""공통"", ""service_task"": ""공사개요/대금지급"", ""risk_type"": [""대금분쟁"", ""공사기간불명확""], ""retrieval_tags"": [""공사명"", ""공사장소"", ""공사범위"", ""계약금"", ""중도금"", ""잔금""], ""reliability_score"": 0.8, ""priority"": ""중"", ""risk_category"": ""CONTRACT""}",0.8,중,보조사용,CONTRACT
CONTRACT_SAMPLE_0002,[아정당인테리어]+인테리어+공사+계약서_개인고객+(2).pdf,제4~5조,CONTRACT_SAMPLE,민간 계약서 샘플,공통,시공자/발주자 의무,"추가비용, 공사범위불명확, 폐기물처리, 잔금분쟁","내역서, 원자재 가격 상승, 추가공사, 폐기물, 하자 발견","시공자의 내역서 제출, 원자재 가격 상승에 따른 금액 인상 제한, 폐기물 반출, 추가공사 협의 조항.","협의되지 않은 추가공사 요구 금지, 상호 협의 추가공사는 증액공사비 지급, 하자 발견 시 상응 금액 지급거절 가능.",실제 계약서 조항 예시로 추가공사·폐기물·내역서 리스크 안내에 보조 활용.,"시공자는 구체적 공종이 표기된 내역서를 제출하고, 원자재 가격 상승을 이유로 공사금액을 인상할 수 없도록 하며, 협의된 추가공사는 증액비용과 완료일을 명확히 해야 한다.","{""document_id"": ""CONTRACT_SAMPLE_0002"", ""document_type"": ""CONTRACT_SAMPLE"", ""source_file"": ""[아정당인테리어]+인테리어+공사+계약서_개인고객+(2).pdf"", ""source_org"": ""민간 계약서 샘플"", ""category"": ""공통"", ""service_task"": ""시공자/발주자 의무"", ""risk_type"": [""추가비용"", ""공사범위불명확"", ""폐기물처리"", ""잔금분쟁""], ""retrieval_tags"": [""내역서"", ""원자재 가격 상승"", ""추가공사"", ""폐기물"", ""하자 발견""], ""reliability_score"": 0.8, ""priority"": ""중"", ""risk_category"": ""EXTRA_COST""}",0.8,중,보조사용,EXTRA_COST
CONTRACT_SAMPLE_0003,[아정당인테리어]+인테리어+공사+계약서_개인고객+(2).pdf,제6조,CONTRACT_SAMPLE,민간 계약서 샘플,공통,하자보수,"하자보수, 면책","하자보수 12개월, 소비자 부주의, 천재지변, 면책",공사 완료 후 12개월 하자보수 책임과 소비자 부주의·천재지변 면책 조항.,"공사 완료 후 12개월 내 일부 또는 전부 하자에 대해 보수 책임, 소비자 부주의 또는 천재지변은 면책.",하자보수기간 조항 비교용으로 활용.,"실제 계약서 샘플에서는 공사 완료 후 12개월 이내 발생한 하자에 대해 시공자가 보수 책임을 지되, 소비자 부주의나 천재지변은 면책으로 두고 있다.","{""document_id"": ""CONTRACT_SAMPLE_0003"", ""document_type"": ""CONTRACT_SAMPLE"", ""source_file"": ""[아정당인테리어]+인테리어+공사+계약서_개인고객+(2).pdf"", ""source_org"": ""민간 계약서 샘플"", ""category"": ""공통"", ""service_task"": ""하자보수"", ""risk_type"": [""하자보수"", ""면책""], ""retrieval_tags"": [""하자보수 12개월"", ""소비자 부주의"", ""천재지변"", ""면책""], ""reliability_score"": 0.8, ""priority"": ""중"", ""risk_category"": ""CONTRACT""}",0.8,중,보조사용,CONTRACT
CONTRACT_SAMPLE_0004,[아정당인테리어]+인테리어+공사+계약서_개인고객+(2).pdf,지연/해제 조항,CONTRACT_SAMPLE,민간 계약서 샘플,공통,공사지연/계약해제,"공사지연, 지연손해금, 계약해제","연체이율, 공사완료일, 공사지연, 계약해지, 착공지연","공사대금 지연 및 공사완료 지연에 대한 지연손해금, 착공지연·계약위반 시 해제 조항.",시공자가 완료일을 준수하지 않으면 지급금액에 연체이율을 적용한 지연손해금 지급 조항 포함.,표준계약서와 비교하여 지연/해제 리스크 보조 근거로 사용.,"공사완료일을 지키지 못하는 경우 지연손해금이 문제될 수 있고, 정당한 사유 없는 착공지연 또는 계약목적 달성 불가능한 위반이 있으면 계약 해제·해지를 검토한다.","{""document_id"": ""CONTRACT_SAMPLE_0004"", ""document_type"": ""CONTRACT_SAMPLE"", ""source_file"": ""[아정당인테리어]+인테리어+공사+계약서_개인고객+(2).pdf"", ""source_org"": ""민간 계약서 샘플"", ""category"": ""공통"", ""service_task"": ""공사지연/계약해제"", ""risk_type"": [""공사지연"", ""지연손해금"", ""계약해제""], ""retrieval_tags"": [""연체이율"", ""공사완료일"", ""공사지연"", ""계약해지"", ""착공지연""], ""reliability_score"": 0.8, ""priority"": ""중"", ""risk_category"": ""CONTRACT""}",0.8,중,보조사용,CONTRACT
CONTRACT_SAMPLE_0005,인테리어공사 표준계약서(양식).hwp,공사내역,CONTRACT_SAMPLE,계약서 양식,공통,공사착수 전 내역확인,"공사범위불명확, 자재품질, 자재규격","설계도서, 도면, 시방서, 공사내역서, 재료 품질, 규격",공사착수 전 설계도서·도면·시방서·공사내역서 제출과 재료 품질·규격 확인 조항.,시공자는 공사착수 전 설계도서와 공사내역서를 제출하고 재료 품질·규격은 설계서와 일치해야 함.,공사범위·자재분쟁 방지 체크리스트 보조 근거.,"공사착수 전 도면, 시방서, 공사내역서를 확인하고 사용할 재료의 품질·규격이 설계서와 일치하는지 확인해야 한다.","{""document_id"": ""CONTRACT_SAMPLE_0005"", ""document_type"": ""CONTRACT_SAMPLE"", ""source_file"": ""인테리어공사 표준계약서(양식).hwp"", ""source_org"": ""계약서 양식"", ""category"": ""공통"", ""service_task"": ""공사착수 전 내역확인"", ""risk_type"": [""공사범위불명확"", ""자재품질"", ""자재규격""], ""retrieval_tags"": [""설계도서"", ""도면"", ""시방서"", ""공사내역서"", ""재료 품질"", ""규격""], ""reliability_score"": 0.75, ""priority"": ""중"", ""risk_category"": ""CONTRACT""}",0.75,중,보조사용,CONTRACT
CONTRACT_SAMPLE_0006,인테리어공사 표준계약서(양식).hwp,공사의 변경 및 조정,CONTRACT_SAMPLE,계약서 양식,공통,추가공사/설계변경,"추가비용, 공사지연, 공사변경","공사변경, 추가경비, 예정준공일, 잔금정산",공사내용 변경·추가 시 추가경비와 준공일 연장 가능성.,"공사내용 변경 또는 추가가 발생하면 추가경비 지급 및 예정준공일 연장, 잔금 지급 시 정산 가능.",추가공사 리스크와 공사기간 변동 안내에 보조 사용.,공사 진행 중 내용 변경이나 추가공사가 발생하면 추가비용과 공사기간 연장이 뒤따를 수 있으므로 변경 범위·금액·일정을 서면으로 확정해야 한다.,"{""document_id"": ""CONTRACT_SAMPLE_0006"", ""document_type"": ""CONTRACT_SAMPLE"", ""source_file"": ""인테리어공사 표준계약서(양식).hwp"", ""source_org"": ""계약서 양식"", ""category"": ""공통"", ""service_task"": ""추가공사/설계변경"", ""risk_type"": [""추가비용"", ""공사지연"", ""공사변경""], ""retrieval_tags"": [""공사변경"", ""추가경비"", ""예정준공일"", ""잔금정산""], ""reliability_score"": 0.75, ""priority"": ""중"", ""risk_category"": ""EXTRA_COST""}",0.75,중,보조사용,EXTRA_COST
CONTRACT_SAMPLE_0007,인테리어공사 표준계약서(양식).hwp,하자보수/이행지체,CONTRACT_SAMPLE,계약서 양식,공통,하자보수/준공지연,"하자보수, 공사지연, 지체보상","하자보수 24개월, 준공기한, 지체일당, 공사금액 1/1000",하자보수 24개월과 준공기한 지연 시 지체보상 기준을 포함한 계약서 양식.,"공사 완료 후 24개월 하자보수 책임, 준공기한 미준수 시 매 지체일당 공사금액 1/1,000 지급 조항.",하자보수기간·지체상금 비교용 보조 근거.,"계약서 양식에 따라 하자보수기간과 지체보상 기준은 다를 수 있으므로, 공사 전 하자보수기간과 지연보상률을 반드시 확인해야 한다.","{""document_id"": ""CONTRACT_SAMPLE_0007"", ""document_type"": ""CONTRACT_SAMPLE"", ""source_file"": ""인테리어공사 표준계약서(양식).hwp"", ""source_org"": ""계약서 양식"", ""category"": ""공통"", ""service_task"": ""하자보수/준공지연"", ""risk_type"": [""하자보수"", ""공사지연"", ""지체보상""], ""retrieval_tags"": [""하자보수 24개월"", ""준공기한"", ""지체일당"", ""공사금액 1/1000""], ""reliability_score"": 0.75, ""priority"": ""중"", ""risk_category"": ""CONTRACT""}",0.75,중,보조사용,CONTRACT
GUIDE_TILE_0001,타일공사관련.pdf,1.1~1.2,CONSTRUCTION_GUIDE,국가건설기준/KCS,타일,타일붙임공사,"시공기준미준수, 품질불량","타일공사, 도자기질 타일, 내장, 외장, 바닥, KCS 41 48 01",타일붙임공사의 적용범위와 관련 기준.,도자기질 타일을 사용한 건축물 내·외장 및 바닥 마무리 타일붙임공사에 적용.,타일 관련 리스크 리포트의 시공기준 근거로 사용.,"타일붙임공사는 도자기질 타일을 사용한 건축물 내·외장 및 바닥 마감에 적용되며, 방수·미장·타일 관련 기준과 함께 검토해야 한다.","{""document_id"": ""GUIDE_TILE_0001"", ""document_type"": ""CONSTRUCTION_GUIDE"", ""source_file"": ""타일공사관련.pdf"", ""source_org"": ""국가건설기준/KCS"", ""category"": ""타일"", ""service_task"": ""타일붙임공사"", ""risk_type"": [""시공기준미준수"", ""품질불량""], ""retrieval_tags"": [""타일공사"", ""도자기질 타일"", ""내장"", ""외장"", ""바닥"", ""KCS 41 48 01""], ""reliability_score"": 0.9, ""priority"": ""상"", ""risk_category"": ""FIELD""}",0.9,상,사용,FIELD
GUIDE_TILE_0002,타일공사관련.pdf,1.4 제출물,CONSTRUCTION_GUIDE,국가건설기준/KCS,타일/욕실/주방,타일나누기도/시공계획,"공사범위불명확, 배수불량, 마감불량","타일나누기도, 구배, 드레인, 수전, 콘센트, 문틀 코킹홈",타일 시공 전 제출물과 타일나누기도 포함 항목.,"타일 마름질 크기·줄눈폭, 구배·드레인 주위 처리, 수전·콘센트·주방용구 부위 상세, 문틀 주위 코킹홈 등을 포함.",욕실/주방 타일 리포트에서 배수구·수전·콘센트 주변 마감 체크 항목으로 사용.,"타일 시공 전 타일나누기도에는 줄눈폭, 구배와 드레인 처리, 수전·콘센트·주방용구 주변 상세, 문틀 코킹홈 등이 포함되어야 한다.","{""document_id"": ""GUIDE_TILE_0002"", ""document_type"": ""CONSTRUCTION_GUIDE"", ""source_file"": ""타일공사관련.pdf"", ""source_org"": ""국가건설기준/KCS"", ""category"": ""타일/욕실/주방"", ""service_task"": ""타일나누기도/시공계획"", ""risk_type"": [""공사범위불명확"", ""배수불량"", ""마감불량""], ""retrieval_tags"": [""타일나누기도"", ""구배"", ""드레인"", ""수전"", ""콘센트"", ""문틀 코킹홈""], ""reliability_score"": 0.9, ""priority"": ""상"", ""risk_category"": ""FIELD""}",0.9,상,사용,FIELD
GUIDE_TILE_0003,타일공사관련.pdf,2.1 자재,CONSTRUCTION_GUIDE,국가건설기준/KCS,타일,타일 자재 선정,"자재불량, 규격미달, 미끄럼위험","KS L 1001, 타일 품질, 줄눈폭, 두께, 욕실바닥, 주방벽","타일 품질, 용도별 재질·크기·줄눈폭·두께 기준.","타일은 KS L 1001 성능검정품 사용을 원칙으로 하며, 용도별 재질·크기·줄눈폭·두께 기준이 존재.",타일 견적에서 자재 등급·크기·용도 적합성 안내.,"타일은 용도에 맞는 재질·크기·두께·줄눈폭을 선택해야 하며, 욕실바닥과 주방벽 등 사용 부위에 따라 요구 성능이 달라질 수 있다.","{""document_id"": ""GUIDE_TILE_0003"", ""document_type"": ""CONSTRUCTION_GUIDE"", ""source_file"": ""타일공사관련.pdf"", ""source_org"": ""국가건설기준/KCS"", ""category"": ""타일"", ""service_task"": ""타일 자재 선정"", ""risk_type"": [""자재불량"", ""규격미달"", ""미끄럼위험""], ""retrieval_tags"": [""KS L 1001"", ""타일 품질"", ""줄눈폭"", ""두께"", ""욕실바닥"", ""주방벽""], ""reliability_score"": 0.9, ""priority"": ""상"", ""risk_category"": ""SAFETY""}",0.9,상,사용,SAFETY
GUIDE_TILE_0004,타일공사관련.pdf,3.2 벽타일 붙이기,CONSTRUCTION_GUIDE,국가건설기준/KCS,타일/벽,벽타일 시공,"접착불량, 들뜸, 줄눈불량","벽타일, 붙임 모르타르, 줄눈, 15분, 30분, 모자이크 타일","벽타일 붙임과 줄눈 수정 시간, 모르타르 충전 기준.","줄눈 수정은 타일 붙임 후 15분 이내, 30분 이상 경과 시 해당 부분 모르타르를 제거하여 다시 붙임.",타일 들뜸·줄눈 하자 리스크 안내.,"벽타일은 붙임 모르타르가 줄눈 부위에 충분히 충전되어야 하며, 줄눈 수정은 타일 붙임 후 짧은 시간 내 진행해야 접착불량과 줄눈불량을 줄일 수 있다.","{""document_id"": ""GUIDE_TILE_0004"", ""document_type"": ""CONSTRUCTION_GUIDE"", ""source_file"": ""타일공사관련.pdf"", ""source_org"": ""국가건설기준/KCS"", ""category"": ""타일/벽"", ""service_task"": ""벽타일 시공"", ""risk_type"": [""접착불량"", ""들뜸"", ""줄눈불량""], ""retrieval_tags"": [""벽타일"", ""붙임 모르타르"", ""줄눈"", ""15분"", ""30분"", ""모자이크 타일""], ""reliability_score"": 0.9, ""priority"": ""상"", ""risk_category"": ""FIELD""}",0.9,상,사용,FIELD
GUIDE_TILE_0005,타일공사관련.pdf,3.3 바닥 타일 붙이기,CONSTRUCTION_GUIDE,국가건설기준/KCS,타일/바닥/욕실,바닥타일 시공,"배수불량, 구배불량, 접착불량, 마감불량","바닥타일, 바탕면 청소, 물구배, 드레인, 기준먹, 압착","바닥타일 시공 전 바탕면 청소, 먹매김, 물구배와 접합부 치수 확인.","타일 붙이기 전 바탕면 청소, 설계조건의 치수·접합부·물구배 확인이 필요하며 불합격 시 보고·조치.",욕실 바닥 타일 리포트에서 배수구 방향 구배·물고임 리스크 안내.,"바닥타일은 시공 전 바탕면 청소와 물구배·드레인 주변 치수 확인이 중요하며, 구배가 맞지 않으면 물고임과 배수불량 리스크가 생긴다.","{""document_id"": ""GUIDE_TILE_0005"", ""document_type"": ""CONSTRUCTION_GUIDE"", ""source_file"": ""타일공사관련.pdf"", ""source_org"": ""국가건설기준/KCS"", ""category"": ""타일/바닥/욕실"", ""service_task"": ""바닥타일 시공"", ""risk_type"": [""배수불량"", ""구배불량"", ""접착불량"", ""마감불량""], ""retrieval_tags"": [""바닥타일"", ""바탕면 청소"", ""물구배"", ""드레인"", ""기준먹"", ""압착""], ""reliability_score"": 0.9, ""priority"": ""상"", ""risk_category"": ""FIELD""}",0.9,상,사용,FIELD
GUIDE_TILE_0006,타일공사관련.pdf,3.6 검사,CONSTRUCTION_GUIDE,국가건설기준/KCS,타일,타일 검수,"들뜸, 균열, 접착력부족, 재시공","두들김 검사, 접착력 시험, 인장 부착강도, 0.39N/㎟, 재시공",타일 시공 후 두들김 검사와 접착력 시험 기준.,"들뜸·균열 발견 부위는 다시 붙이고, 접착력 시험 판정은 인장 부착강도 0.39N/㎟ 이상 기준.",타일 시공 후 검수 체크리스트 핵심 문서로 사용.,"타일 시공 후 검사봉으로 전면을 두들겨 들뜸·균열을 확인하고, 필요 시 접착력 시험을 통해 부착강도 기준 충족 여부를 확인해야 한다.","{""document_id"": ""GUIDE_TILE_0006"", ""document_type"": ""CONSTRUCTION_GUIDE"", ""source_file"": ""타일공사관련.pdf"", ""source_org"": ""국가건설기준/KCS"", ""category"": ""타일"", ""service_task"": ""타일 검수"", ""risk_type"": [""들뜸"", ""균열"", ""접착력부족"", ""재시공""], ""retrieval_tags"": [""두들김 검사"", ""접착력 시험"", ""인장 부착강도"", ""0.39N/㎟"", ""재시공""], ""reliability_score"": 0.9, ""priority"": ""상"", ""risk_category"": ""FIELD""}",0.9,상,사용,FIELD
GUIDE_TILE_0007,타일공사관련.pdf,환경/폐기물,CONSTRUCTION_GUIDE,국가건설기준/KCS,타일,타일공사 현장관리,"폐기물처리, 소음/분진, 환경오염","폐기물, 분진, 오수, 배수, 소음, 진동",타일공사 시 폐기물·분진·오수·배수 및 주변 환경 관리 기준.,"공사장에서 발생하는 폐기물, 분진, 오수, 배수 등이 공사장 인근 대기·토양·수질을 오염시키지 않도록 계획·조치 필요.",타일 철거/시공 견적 시 폐기물처리비와 현장관리 리스크 안내.,"타일공사 과정에서 폐기물, 분진, 오수, 배수, 소음·진동이 발생할 수 있으므로 처리비와 현장관리 범위를 견적에 포함하는 것이 좋다.","{""document_id"": ""GUIDE_TILE_0007"", ""document_type"": ""CONSTRUCTION_GUIDE"", ""source_file"": ""타일공사관련.pdf"", ""source_org"": ""국가건설기준/KCS"", ""category"": ""타일"", ""service_task"": ""타일공사 현장관리"", ""risk_type"": [""폐기물처리"", ""소음/분진"", ""환경오염""], ""retrieval_tags"": [""폐기물"", ""분진"", ""오수"", ""배수"", ""소음"", ""진동""], ""reliability_score"": 0.9, ""priority"": ""중"", ""risk_category"": ""SAFETY""}",0.9,중,사용,SAFETY
STAT_0001,한국소비자원_인테리어 관련 소비자 피해구제 정보_20230511.xlsx,표지,STAT_DATA,한국소비자원,공통,인테리어 피해구제 통계,"피해구제, 통계근거","2020~2022, 인테리어설비, 피해구제 데이터, 소비넷",2020~2022년 인테리어설비 중분류 피해구제 데이터.,"조회조건은 접수일 2020-01-01~2022-12-31, 중분류 인테리어설비.",리스크 리포트의 통계 근거 및 발표자료 근거로 사용.,"한국소비자원 제공 자료는 2020~2022년 인테리어설비 피해구제 데이터로, 리스크 유형의 빈도와 우선순위 산정에 활용할 수 있다.","{""document_id"": ""STAT_0001"", ""document_type"": ""STAT_DATA"", ""source_file"": ""한국소비자원_인테리어 관련 소비자 피해구제 정보_20230511.xlsx"", ""source_org"": ""한국소비자원"", ""category"": ""공통"", ""service_task"": ""인테리어 피해구제 통계"", ""risk_type"": [""피해구제"", ""통계근거""], ""retrieval_tags"": [""2020~2022"", ""인테리어설비"", ""피해구제 데이터"", ""소비넷""], ""reliability_score"": 0.95, ""priority"": ""상"", ""risk_category"": ""CONTRACT""}",0.95,상,사용,CONTRACT
STAT_0002,한국소비자원_인테리어 관련 소비자 피해구제 정보_20230511.xlsx,지역별·연도별 접수건수,STAT_DATA,한국소비자원,공통,지역별 피해구제 빈도,"피해빈도, 지역별리스크","총 1049건, 경기도 349건, 서울 293건, 2020년 270건, 2021년 420건, 2022년 359건","2020~2022년 인테리어 관련 피해구제 접수는 총 1,049건이며, 경기도와 서울이 높은 비중.","연도별 총합계: 2020년 270건, 2021년 420건, 2022년 359건. 지역별 총합계는 경기도 349건, 서울특별시 293건 등.",리스크 점수 계산 시 지역별 데이터는 보조 가중치로만 사용.,"2020~2022년 인테리어 피해구제 접수는 총 1,049건으로 집계되며, 경기도 349건과 서울특별시 293건의 접수가 많다.","{""document_id"": ""STAT_0002"", ""document_type"": ""STAT_DATA"", ""source_file"": ""한국소비자원_인테리어 관련 소비자 피해구제 정보_20230511.xlsx"", ""source_org"": ""한국소비자원"", ""category"": ""공통"", ""service_task"": ""지역별 피해구제 빈도"", ""risk_type"": [""피해빈도"", ""지역별리스크""], ""retrieval_tags"": [""총 1049건"", ""경기도 349건"", ""서울 293건"", ""2020년 270건"", ""2021년 420건"", ""2022년 359건""], ""reliability_score"": 0.95, ""priority"": ""중"", ""risk_category"": ""CONTRACT""}",0.95,중,사용,CONTRACT
STAT_0003,한국소비자원_인테리어 관련 소비자 피해구제 정보_20230511.xlsx,총 처리금액,STAT_DATA,한국소비자원,공통,피해구제 처리금액,"금전피해, 처리금액","총 처리금액, 약6.5억원, 피해구제","인테리어 관련 피해구제 총 처리금액은 655,495,590원.","자료 내 총 처리금액 항목에 655,495,590원으로 기재.",리스크 리포트에서 금전 분쟁 가능성을 정성적으로 설명할 때 보조 근거.,"인테리어 관련 피해구제 총 처리금액은 655,495,590원으로, 하자나 계약 분쟁이 금전적 손실로 이어질 수 있음을 보여주는 통계 근거로 활용할 수 있다.","{""document_id"": ""STAT_0003"", ""document_type"": ""STAT_DATA"", ""source_file"": ""한국소비자원_인테리어 관련 소비자 피해구제 정보_20230511.xlsx"", ""source_org"": ""한국소비자원"", ""category"": ""공통"", ""service_task"": ""피해구제 처리금액"", ""risk_type"": [""금전피해"", ""처리금액""], ""retrieval_tags"": [""총 처리금액"", ""약6.5억원"", ""피해구제""], ""reliability_score"": 0.95, ""priority"": ""중"", ""risk_category"": ""PRICE""}",0.95,중,사용,PRICE
STAT_0004,한국소비자원_인테리어 관련 소비자 피해구제 정보_20230511.xlsx,하자내용별,STAT_DATA,한국소비자원,공통,하자내용별 피해유형,"시공불량, 하자보수불만, 품질불량","인테리어설비 450건, 품질/성능/외관/시공 불량 254건, 하자보수/수리불만 194건, 기타 150건","하자내용별 접수는 인테리어설비, 품질·성능·외관·시공 불량, 하자보수·수리불만이 주요 유형.","하자내용별 건수: 인테리어설비 450건, 품질(성능·외관·시공 불량 등) 254건, 하자보수·수리불만 194건.",리스크 유형 우선순위에서 시공불량·하자보수 리스크를 높게 설정하는 근거.,"하자내용별 통계에서 인테리어설비 450건, 품질·성능·외관·시공 불량 254건, 하자보수·수리불만 194건이 확인되어 시공불량과 하자보수 리스크를 우선 고려할 수 있다.","{""document_id"": ""STAT_0004"", ""document_type"": ""STAT_DATA"", ""source_file"": ""한국소비자원_인테리어 관련 소비자 피해구제 정보_20230511.xlsx"", ""source_org"": ""한국소비자원"", ""category"": ""공통"", ""service_task"": ""하자내용별 피해유형"", ""risk_type"": [""시공불량"", ""하자보수불만"", ""품질불량""], ""retrieval_tags"": [""인테리어설비 450건"", ""품질/성능/외관/시공 불량 254건"", ""하자보수/수리불만 194건"", ""기타 150건""], ""reliability_score"": 0.95, ""priority"": ""상"", ""risk_category"": ""CONTRACT""}",0.95,상,사용,CONTRACT
WARRANTY_0001,_별표_3__품목별_품질보증기간_및_부품보유기간_소비자분쟁해결기준_.pdf,별표3 - 5.가전제품 1)완제품 - 에어컨,WARRANTY_STANDARD,공정거래위원회,가전/설비,"에어컨 점검, 가전 점검","품질보증기간경과, 부품미보유, 유상수리분쟁","에어컨, 품질보증기간, 부품보유기간, 냉방전용, 냉난방겸용","에어컨은 냉방전용 품질보증 2년, 냉난방겸용 1년이며 부품보유기간은 공통 제조일로부터 8년. (원문 PDF로 재확인 완료)","원문: '에어컨(냉방 전용) 2년/제조일로부터 8년', '에어컨(냉난방 겸용) 1년/제조일로부터 8년'. 핵심부품(컴프레서)은 별도로 4년 무상수리 규정 있음(별표3 2)핵심부품).","에어컨 리스크 리포트에서 '설치 후 경과연수가 보증기간을 넘었는지', '컴프레서 등 핵심부품 4년 무상수리 대상인지' 확인 항목으로 사용.","에어컨은 냉방전용 기준 품질보증기간 2년, 냉난방겸용은 1년이 적용되며, 부품보유기간은 두 유형 모두 제조일로부터 8년이다. 별도로 컴프레서 등 핵심부품은 4년간 무상수리 대상이다. 부품 단종으로 수리가 불가능하면 교환 또는 환급을 검토할 수 있다.","{""document_id"": ""WARRANTY_0001"", ""document_type"": ""WARRANTY_STANDARD"", ""source_file"": ""_별표_3__품목별_품질보증기간_및_부품보유기간_소비자분쟁해결기준_.pdf"", ""source_org"": ""공정거래위원회"", ""category"": ""가전/설비"", ""service_task"": ""에어컨 점검, 가전 점검"", ""risk_type"": [""품질보증기간경과"", ""부품미보유"", ""유상수리분쟁""], ""retrieval_tags"": [""에어컨"", ""품질보증기간"", ""부품보유기간"", ""냉방전용"", ""냉난방겸용""], ""reliability_score"": 1.0, ""priority"": ""상"", ""risk_category"": ""CONTRACT""}",1,상,사용,CONTRACT
WARRANTY_0002,_별표_3__품목별_품질보증기간_및_부품보유기간_소비자분쟁해결기준_.pdf,별표3 - 5.가전제품 1)완제품 - TV/냉장고/세탁기/가스레인지/전기온수기 등,WARRANTY_STANDARD,공정거래위원회,가전/설비,가전 점검,"품질보증기간경과, 부품미보유, 유상수리분쟁","TV, 냉장고, 세탁기, 가스레인지, 식기세척기, 품질보증기간, 부품보유기간","TV·냉장고는 품질보증 1년/부품보유 9년, 세탁기는 1년/7년, 가스레인지·전기온수기 등은 1년/6년. [정정: 기존 7년으로 잘못 기재했던 부분을 원문 확인 후 6년으로 수정]","원문: 'TV,냉장고 1년/제조일로부터 9년', '세탁기 1년/제조일로부터 7년', '...가스레인지...전기온수기...1년/제조일로부터 6년'. 원문 6호: '별도의 기간을 정하지 않은 경우 - 유사품목에 따를 수 있는 경우: 유사품목에 따름 / 따를 수 없는 경우: 1년, 제조일로부터 5년'.","가전 견적/수리 리포트에서 품목별 부품보유기간 만료 여부를 자동 표기하는 근거로 사용하되, 인덕션·식기세척기·에어컨리모컨은 '별표3에 명시되지 않아 유사품목 기준을 참고용으로만 안내'하고 단정적 문구는 피할 것.","TV와 냉장고는 품질보증기간 1년에 부품보유기간 9년이 적용되고, 세탁기는 품질보증 1년에 부품보유 7년이다. 가스레인지, 전기온수기, 냉온수기 등을 포함한 그룹은 품질보증 1년에 부품보유기간 6년이 적용된다(이전 조사에서 7년으로 잘못 파악했던 부분을 원문 대조 후 정정). [※ 아래는 별표3 원문에 없는 내용으로, 조사자가 유사품목 원칙(별표3 6호)에 따라 판단한 참고 의견이며 공식 유권해석이 아님] 인덕션, 식기세척기, 에어컨 리모컨은 별표3에 개별 품목으로 명시되어 있지 않다. 별표3 6호의 '유사품목에 따를 수 있는 경우 유사품목 기준 적용, 따를 수 없는 경우 품질보증 1년/부품보유 5년' 원칙에 따라 판단이 필요하며, 인덕션은 전기조리기기군(1년/3년)과 가스레인지군(1년/6년) 중 어느 쪽이 더 유사한지 불분명해 확정하기 어렵고, 식기세척기는 주방가전군(1년/7년) 준용이 비교적 합리적으로 보이나 이 역시 조사자의 판단이다. 정확한 적용을 위해서는 공정거래위원회 유권해석 확인이 필요하다.","{""document_id"": ""WARRANTY_0002"", ""document_type"": ""WARRANTY_STANDARD"", ""source_file"": ""_별표_3__품목별_품질보증기간_및_부품보유기간_소비자분쟁해결기준_.pdf"", ""source_org"": ""공정거래위원회"", ""category"": ""가전/설비"", ""service_task"": ""가전 점검"", ""risk_type"": [""품질보증기간경과"", ""부품미보유"", ""유상수리분쟁""], ""retrieval_tags"": [""TV"", ""냉장고"", ""세탁기"", ""가스레인지"", ""식기세척기"", ""품질보증기간"", ""부품보유기간""], ""reliability_score"": 1.0, ""priority"": ""상"", ""risk_category"": ""CONTRACT""}",1,상,사용,CONTRACT
NOISE_0001,공동주택_층간소음의_범위와_기준에_관한_규칙_국토교통부령__제01185호__20230102_.pdf,제3조(층간소음의 기준) 및 별표,NOISE_GUIDE,국토교통부/환경부,공동주택,층간소음 기준 확인,"층간소음초과, 소음분쟁","층간소음, 직접충격소음, 공기전달소음, dB, 주간, 야간","층간소음은 직접충격 39/34dB, 최고소음 57/52dB, 공기전달 45/40dB(주간/야간)를 넘지 않도록 노력해야 함. (국토교통부령 제1185호 원문 확보 완료)","원문 제3조: '공동주택의 입주자 및 사용자는 공동주택에서 발생하는 층간소음을 별표에 따른 기준 이하가 되도록 노력하여야 한다.' 별표 수치(직접충격 Leq 39/34dB, Lmax 57/52dB, 공기전달 Leq 45/40dB)는 법제처 생활법령정보 해설로 교차 확인.",리모델링 소음 관련 리스크 리포트에서 '이 수치는 층간소음이 아니라 별도 기준'이라는 점을 안내할 때 비교 근거로 사용.,"공동주택 층간소음 기준(국토교통부령 제1185호, 2023.1.2. 일부개정)은 직접충격 소음이 1분간 등가소음도 기준 주간 39dB·야간 34dB, 최고소음도는 주간 57dB·야간 52dB이며, TV 등 공기전달 소음은 5분간 등가소음도 기준 주간 45dB·야간 40dB이다.","{""document_id"": ""NOISE_0001"", ""document_type"": ""NOISE_GUIDE"", ""source_file"": ""공동주택_층간소음의_범위와_기준에_관한_규칙_국토교통부령__제01185호__20230102_.pdf"", ""source_org"": ""국토교통부/환경부"", ""category"": ""공동주택"", ""service_task"": ""층간소음 기준 확인"", ""risk_type"": [""층간소음초과"", ""소음분쟁""], ""retrieval_tags"": [""층간소음"", ""직접충격소음"", ""공기전달소음"", ""dB"", ""주간"", ""야간""], ""reliability_score"": 0.9, ""priority"": ""중"", ""risk_category"": ""CONTRACT""}",0.9,중,사용,CONTRACT
NOISE_0002,09_층간소음 및 공사소음 기준_추출노트.txt,"생활법령정보 해설 Q2 (규칙 원문 자체에는 인테리어 관련 조항 없음, 해설로만 확인됨)",NOISE_GUIDE,법제처(찾기쉬운 생활법령정보),공동주택,인테리어 공사 소음 안내,"소음분쟁, 관리규약미준수","인테리어, 공사소음, 층간소음범위제외, 관리규약, 관리주체동의","인테리어(리모델링) 공사소음은 층간소음 법정 범위에 포함되지 않고, 관리규약과 관리주체 동의로 별도 규율됨. (※ 공동주택층간소음규칙 원문 자체에는 이 해설 내용이 없고, 법제처 생활법령정보의 별도 해설에서 확인됨)","공동주택관리법 제18조 및 시행령 제19조제2항에 따라 리모델링 공사는 관리규약에 포함되는 사항이며, 공사 전 관리주체 동의가 필요하다는 것이 법제처의 해석.",모든 시공 카테고리 리스크 리포트 공통 안내: '공사소음은 층간소음 기준이 아니라 관리규약을 따른다'는 점과 '관리주체 동의 필요' 체크리스트로 사용.,"인테리어·리모델링 공사로 발생하는 소음은 공동주택 층간소음 규칙 원문에는 명시되어 있지 않으나, 법제처의 생활법령정보 해설에 따르면 층간소음 범위에 포함되지 않으며 공동주택관리법에 따라 각 단지가 자체적으로 정하는 관리규약의 적용을 받는다. 따라서 공사 전 관리주체(관리사무소)의 동의를 받아야 한다.","{""document_id"": ""NOISE_0002"", ""document_type"": ""NOISE_GUIDE"", ""source_file"": ""09_층간소음 및 공사소음 기준_추출노트.txt"", ""source_org"": ""법제처(찾기쉬운 생활법령정보)"", ""category"": ""공동주택"", ""service_task"": ""인테리어 공사 소음 안내"", ""risk_type"": [""소음분쟁"", ""관리규약미준수""], ""retrieval_tags"": [""인테리어"", ""공사소음"", ""층간소음범위제외"", ""관리규약"", ""관리주체동의""], ""reliability_score"": 0.85, ""priority"": ""상"", ""risk_category"": ""CONTRACT""}",0.85,상,사용,CONTRACT
NOISE_0003,09_층간소음 및 공사소음 기준_추출노트.txt,"아파트 인테리어 공사소음 신고 가이드 (민간 정리자료, 환경부 규정 인용) / 공사장 생활소음 신고 기준",NOISE_GUIDE,민간 요약자료(원출처 환경부 생활소음 규제기준 추정),공동주택,공사소음 민원 대응,"소음민원, 공사중단리스크","공사소음, 생활소음, 민원기준, 65dB, 55dB",민간 정리자료 기준 주거지역 공사소음은 주간 65dB·야간 55dB 초과 시 민원 대상으로 안내됨(원문 대조 필요).,"'환경부 규정에 따라 주거지역은 주간 65dB·야간 55dB 이상 시 민원 가능'이라는 설명(2차 출처, 소음·진동관리법 생활소음 규제기준 원문 대조 권장).","공사소음 관련 리스크 안내에서 참고 수치로만 사용하고, 확정 근거로는 소음·진동관리법 시행규칙 원문 재확인 후 reliability_score 상향 필요.","일부 정리자료에 따르면 주거지역 공사소음은 주간 65dB, 야간 55dB를 넘으면 민원 대상이 될 수 있다고 안내되어 있으나, 이는 2차 출처이므로 소음·진동관리법 시행규칙의 생활소음 규제기준 원문으로 재검증이 필요하다.","{""document_id"": ""NOISE_0003"", ""document_type"": ""NOISE_GUIDE"", ""source_file"": ""09_층간소음 및 공사소음 기준_추출노트.txt"", ""source_org"": ""민간 요약자료(원출처 환경부 생활소음 규제기준 추정)"", ""category"": ""공동주택"", ""service_task"": ""공사소음 민원 대응"", ""risk_type"": [""소음민원"", ""공사중단리스크""], ""retrieval_tags"": [""공사소음"", ""생활소음"", ""민원기준"", ""65dB"", ""55dB""], ""reliability_score"": 0.55, ""priority"": ""중"", ""risk_category"": ""CONTRACT""}",0.55,중,사용,CONTRACT
RESIDENCE_NOTICE_0001,1__서울특별시_공동주택관리규약_준칙_개정_제18차_v3.pdf,제77조(공동주택 내 시설물 관리 등) 7호 - 주택 내부 설비·구조물 증설/제거 [정정: 실제 원문 확인 후 전면 수정],RESIDENCE_NOTICE,서울특별시(중앙공동주택관리지원센터),공동주택,공사 신고/동의 절차 안내,"관리규약미준수, 공사중단리스크, 이웃분쟁","관리규약, 관리주체동의, 리모델링공사, 서울시준칙","[정정] '리모델링은 관리주체 동의 필요'는 부정확한 일반화였음. 실제로는: 외부창틀·문틀·난간 교체·배관설비 교체는 '기존과 같은 규격/색상/모양'일 때만 동의 대상이며, 구조물 증설·제거는 관리주체 동의와 무관하게 별도 행위허가·신고 절차(시행령 제35조·별표3)를 따름.","원문 제7호 '나.동의 사항': 1)외부 창틀·문틀·난간의 교체 2)급·배수관 등 배관설비 교체 3)지능형 홈네트워크 설비 교체. '가.동의기준': 같은 규격(색상 등)이나 모양을 가진 설비. '라.기타사항': '구조물의 증설 또는 제거(영 제35조 및 [별표3]에 따른 행위허가 또는 신고 사항으로, 관리주체의 동의 여부와 관계없이 해당 규정의 절차에 따라 이행할 수 있음)'",시공 리스크 리포트에서 '기존과 동일 규격/색상으로 교체하는지'가 관리주체 동의 필요 여부를 가르는 핵심 기준이라는 점을 안내. 구조 변경이 포함된 공사는 관리주체 동의보다 시행령 제35조·별표3의 행위허가/신고 절차를 우선 확인하도록 안내.,"서울특별시 공동주택관리규약 준칙에 따르면, 주택 내부(전유부분)의 창틀·문틀·난간 교체나 급배수관 등 배관설비 교체는 기존과 같은 규격·색상·모양일 경우에만 관리주체 동의 대상이 된다. 반면 구조물을 증설하거나 제거하는 공사는 관리주체의 동의 여부와 관계없이 공동주택관리법 시행령 제35조 및 별표3에 따른 별도의 행위허가 또는 신고 절차를 따라 진행할 수 있다. 즉 '인테리어 공사는 무조건 관리주체 동의가 필요하다'는 식의 단순화된 설명은 정확하지 않으며, 공사 종류(기존 규격 유지 여부, 구조 변경 여부)에 따라 적용되는 절차가 다르다는 점을 안내해야 한다. (※ 이 준칙의 정확한 개정 차수는 문서 본문에서 확인되지 않음 — 개정일자는 2024.7.31로 표기됨)","{""document_id"": ""RESIDENCE_NOTICE_0001"", ""document_type"": ""RESIDENCE_NOTICE"", ""source_file"": ""1__서울특별시_공동주택관리규약_준칙_개정_제18차_v3.pdf"", ""source_org"": ""서울특별시(중앙공동주택관리지원센터)"", ""category"": ""공동주택"", ""service_task"": ""공사 신고/동의 절차 안내"", ""risk_type"": [""관리규약미준수"", ""공사중단리스크"", ""이웃분쟁""], ""retrieval_tags"": [""관리규약"", ""관리주체동의"", ""리모델링공사"", ""서울시준칙""], ""reliability_score"": 1.0, ""priority"": ""상"", ""risk_category"": ""CONTRACT""}",1,상,사용,CONTRACT
RESIDENCE_NOTICE_0002,10_공동주택관리규약 준칙 및 공사신고 관행_추출노트.txt,언론 보도 - 아파트 인테리어 공사 이웃 동의서 관행 (세계일보) / 이웃 동의서 통과 기준 사례,RESIDENCE_NOTICE,"언론보도(세계일보, 2024)",공동주택,이웃 동의서 준비,"이웃분쟁, 공사지연리스크","동의서, 이웃동의, 윗집아랫집서명, 관리사무소자체규약",아파트마다 인테리어 공사 이웃 동의 기준(50%~80% 등)과 위·아래층 서명 필수 여부가 상이함.,"일부 단지는 동 주민 50% 이상, 일부는 3분의 2 이상 또는 80% 이상 동의를 요구하며, 위·아래·옆집 서명을 별도로 요구하는 경우가 많음(관리사무소 자체 운영 관행, 법정 의무 아님).",매칭 요청 시 '이웃 동의서 준비 필요 여부와 단지별 기준 상이' 안내 문구로 사용. 법적 의무가 아니라 관행이라는 점을 명확히 구분해서 안내.,"다수 아파트 단지는 관리사무소 자체 운영 관행으로 인테리어 공사 시 이웃 동의서를 요구하며, 동의 비율은 단지마다 50%에서 80%까지 다르고 위·아래·옆집 서명을 필수로 요구하는 경우도 있다. 이는 법적 의무가 아니라 개별 단지의 자체 규약·관행에 해당한다.","{""document_id"": ""RESIDENCE_NOTICE_0002"", ""document_type"": ""RESIDENCE_NOTICE"", ""source_file"": ""10_공동주택관리규약 준칙 및 공사신고 관행_추출노트.txt"", ""source_org"": ""언론보도(세계일보, 2024)"", ""category"": ""공동주택"", ""service_task"": ""이웃 동의서 준비"", ""risk_type"": [""이웃분쟁"", ""공사지연리스크""], ""retrieval_tags"": [""동의서"", ""이웃동의"", ""윗집아랫집서명"", ""관리사무소자체규약""], ""reliability_score"": 0.6, ""priority"": ""중"", ""risk_category"": ""CONTRACT""}",0.6,중,사용,CONTRACT
REPORT_GUIDE_0001,10_공동주택관리규약 준칙 및 공사신고 관행_추출노트.txt,관리사무소 신고 미이행 관련 언론 보도(세계일보) / 신고 미이행 시 리스크,REPORT_GUIDE,"언론보도(세계일보, 2024)",공동주택,관리사무소 신고 필요성 안내,"신고미이행, 공사중단리스크, 민원분쟁","관리사무소신고, 미신고공사, 민원, 공사중단",관리규약에 따른 신고·동의 절차를 지키지 않으면 민원·공사중단 등 분쟁으로 이어지는 경우가 많음.,인테리어업체가 아파트관리 규약을 지키지 않아 신고 내용 위반으로 문제가 발생하는 사례가 가장 흔하다는 전문가 코멘트.,리스크 리포트의 '계약 전 확인 사항' 체크리스트에 '관리사무소 신고·동의 여부'를 상위 항목으로 배치하는 근거.,"인테리어 공사 관련 분쟁은 시공업체가 아파트 관리규약상 신고 절차를 지키지 않아 발생하는 경우가 많다는 전문가 의견이 있어, 착공 전 관리사무소 신고와 이웃 동의 절차를 우선 확인하는 것이 권장된다.","{""document_id"": ""REPORT_GUIDE_0001"", ""document_type"": ""REPORT_GUIDE"", ""source_file"": ""10_공동주택관리규약 준칙 및 공사신고 관행_추출노트.txt"", ""source_org"": ""언론보도(세계일보, 2024)"", ""category"": ""공동주택"", ""service_task"": ""관리사무소 신고 필요성 안내"", ""risk_type"": [""신고미이행"", ""공사중단리스크"", ""민원분쟁""], ""retrieval_tags"": [""관리사무소신고"", ""미신고공사"", ""민원"", ""공사중단""], ""reliability_score"": 0.6, ""priority"": ""중"", ""risk_category"": ""CONTRACT""}",0.6,중,사용,CONTRACT
GUIDE_WATERPROOF_0001,KCS 41 40 01 방수공사일반_수정.pdf,3.7.4 완성 시의 검사 및 시험 - 담수시험 (KCS 41 40 01:2021 원문 확인 완료),WORK_MANUAL,국토교통부/국가건설기준센터(KCSC),누수/방수,"욕실 누수 점검, 배관 교체","누수, 방수불량, 재시공","방수공사, KCS 41 40, 규산질계도포방수, 금속판방수, 관련기준","방수공사 완료 후 담수시험(물을 채워 48시간 누수 여부 확인)으로 검수하며, 부풀어오름·핀홀·이음매 벗겨짐·찢김 여부를 점검함. [PDF 원문 대조 완료, 담수시험 절차는 이번에 신규 확보]","원문 3.7.4: '담수시험을 하는 경우 배수관계의 구멍을 막고, 방수층 끝부분이 잠기지 않도록 물을 채워 48시간 정도 누수 여부를 확인한다. 필요 시 치켜올림 높이까지 채워 48시간 추가 확인 가능.' 완성검사 항목: 규정 수량 시공 여부, 방수층 부풀어오름·핀홀·루핑 이음매 벗겨짐 유무, 방수층 손상·찢김 유무, 보호층·마감재 상태.",욕실/베란다 누수 리스크 리포트에서 '담수시험(48시간 누수 확인)을 거쳤는지'를 하자 판단의 핵심 체크포인트로 제시. 시공자가 이 절차를 생략했다면 리스크 상향 근거로 활용.,"방수공사 완료 후에는 담수시험으로 품질을 검증하는 것이 표준 절차다. 배수구를 막고 방수층 끝부분이 잠기지 않도록 물을 채운 뒤 48시간 정도 누수 여부를 확인하며, 필요하면 치켜올림 높이까지 채워 48시간을 추가로 확인한다. 완성 검사에서는 방수층의 부풀어오름, 핀홀, 이음매 벗겨짐, 손상, 찢김 여부와 보호층·마감재 상태를 함께 점검한다.","{""document_id"": ""GUIDE_WATERPROOF_0001"", ""document_type"": ""WORK_MANUAL"", ""source_file"": ""KCS 41 40 01 방수공사일반_수정.pdf"", ""source_org"": ""국토교통부/국가건설기준센터(KCSC)"", ""category"": ""누수/방수"", ""service_task"": ""욕실 누수 점검, 배관 교체"", ""risk_type"": [""누수"", ""방수불량"", ""재시공""], ""retrieval_tags"": [""방수공사"", ""KCS 41 40"", ""규산질계도포방수"", ""금속판방수"", ""관련기준""], ""reliability_score"": 1.0, ""priority"": ""상"", ""risk_category"": ""FIELD""}",1,상,사용,FIELD
GUIDE_DOBAE_0001,KCS 41 51 05 도배공사_수정.pdf,"1.5 품질보증 - 환경조건 (KCS 41 51 05 원문 확인 완료, 내용 일치)",WORK_MANUAL,국토교통부/국가건설기준센터(KCSC),벽지/도배,도배,"시공불량, 환경조건미준수","도배공사, KCS 41 51 05, 초배지, 재배지, 시공온도","도배공사는 시공 72시간 전부터 완료 48시간 후까지 적정 온도(5℃ 이상) 유지가 필요하며 접착 후 롤링·솔질 필수. [PDF 원문 대조 완료, 기존 조사 내용과 일치 확인]","원문: '도배지의 보관장소 온도는 항상 5℃ 이상 유지', '도배공사를 시작하기 72시간 전부터 시공 후 48시간이 경과할 때까지는 시공 장소의 온도를 담당원과 협의하여 적정온도를 유지', '도배지를 완전하게 접착시키기 위하여 접착과 동시에 롤링을 하거나 솔질을 해야 한다.'",도배 하자(들뜸/기포) 리스크 리포트에서 '시공 전후 72시간 온도조건(5℃ 이상) 준수 여부'를 확인 항목으로 제시.,"도배공사는 도배지 보관 장소 온도를 5℃ 이상으로 유지해야 하며, 시공 72시간 전부터 완료 후 48시간이 지날 때까지 시공 장소의 온도를 적정 수준으로 유지해야 한다. 도배지를 접착제로 붙인 뒤에는 롤링이나 솔질로 완전히 접착시켜야 들뜸·기포 등의 하자를 줄일 수 있다.","{""document_id"": ""GUIDE_DOBAE_0001"", ""document_type"": ""WORK_MANUAL"", ""source_file"": ""KCS 41 51 05 도배공사_수정.pdf"", ""source_org"": ""국토교통부/국가건설기준센터(KCSC)"", ""category"": ""벽지/도배"", ""service_task"": ""도배"", ""risk_type"": [""시공불량"", ""환경조건미준수""], ""retrieval_tags"": [""도배공사"", ""KCS 41 51 05"", ""초배지"", ""재배지"", ""시공온도""], ""reliability_score"": 1.0, ""priority"": ""중"", ""risk_category"": ""FIELD""}",1,중,사용,FIELD
GUIDE_PAINT_0001,KCS 41 47 00 도장공사.pdf,"2.1.7 유해물질 / 3장 시공 중 검사 (KCS 41 47 00:2023 원문 확인, [정정] 버전이 2021이 아니라 2023년 12월 19일 개정본)",WORK_MANUAL,국토교통부/국가건설기준센터(KCSC),페인트,페인트 보수,"자재불량, 유해물질, 품질불량","도장공사, KCS 41 47 00, 중금속기준, 어린이활동공간","도료 품질은 각 공정마다 담당원 검사를 받아야 하며, 어린이 활동공간에는 중금속 함량 기준(0.1% 이하)을 만족하는 도료 사용 필요. 저온 시공 시 균열·박리 위험 있음.","원문 2.1.7: '어린이 활동공간에 사용되는 도료는 납, 카드뮴, 수은 및 6가크로뮴의 합이 질량분율로 0.1% 이하'. 원문: '각 공정마다 담당원의 검사 및 승인을 받는다', '(온도가) 낮은 온도에서 도장하면 균일한 도막을 얻을 수 없고 균열 및 박리현상을 일으킨다', 도막의 수포·들뜸 현상은 도막파괴의 원인으로 명시.",가정 내 아동 방 페인트 보수 리스크 리포트에서 자재 안전기준(중금속 0.1%) 확인 항목으로 사용. 겨울철 시공 시 저온 균열·박리 리스크 안내에도 활용 가능.,"도장공사(KCS 41 47 00:2023)에 따르면 어린이 활동공간에 사용되는 도료는 납·카드뮴·수은·6가크로뮴의 합이 질량분율 0.1% 이하여야 한다. 시공 중에는 각 공정마다 담당원의 검사를 받아야 하며, 저온에서 도장하면 균일한 도막을 얻지 못해 균열·박리가 발생할 수 있고, 도막의 수포나 들뜸 현상은 도막파괴로 이어질 수 있다.","{""document_id"": ""GUIDE_PAINT_0001"", ""document_type"": ""WORK_MANUAL"", ""source_file"": ""KCS 41 47 00 도장공사.pdf"", ""source_org"": ""국토교통부/국가건설기준센터(KCSC)"", ""category"": ""페인트"", ""service_task"": ""페인트 보수"", ""risk_type"": [""자재불량"", ""유해물질"", ""품질불량""], ""retrieval_tags"": [""도장공사"", ""KCS 41 47 00"", ""중금속기준"", ""어린이활동공간""], ""reliability_score"": 1.0, ""priority"": ""하"", ""risk_category"": ""SAFETY""}",1,하,사용,SAFETY
GUIDE_ELEC_0001,KCS 32 25 10 간선 및 배선설비공사.pdf,3.5~3.6 저압분전반 시공 / 배선기구 및 전열설비 시공 (KCS 32 25 10:PDF 원문 확인 완료),WORK_MANUAL,국토교통부/국가건설기준센터(KCSC),전기,"콘센트/스위치 수리, 차단기 점검","시공기준미준수, 안전리스크","전기설비, KCS 31 65 10, 분전반, 스위치높이, 누전차단기, 배선용차단기","분전반은 건조하고 접근 쉬운 장소에 잠금장치와 함께 설치. 스위치 높이 바닥기준 1.2m, 콘센트 높이 바닥기준 0.3m가 원문 기준. [PDF 원문 대조 완료, 콘센트 높이 0.3m는 이번에 신규 확보한 수치]","원문 3.5.1~3.5.2: 분전반은 건조한 장소, 노출설치 시 잠금장치, 옥내 저압분전반은 한국전기설비규정 232.84 적용. 원문 3.6.1 스위치: '설치 높이는 일반적으로 바닥에서 중심까지 1.2m 기준', '회로의 비접지 측에 시설', '박스나사 2개 이상으로 견고히 부착'. 원문 3.6.2 콘센트: '설치 높이는 일반적으로 바닥에서 기구 중심까지 0.3m 기준', '1개 박스에 1개 콘센트 원칙'.","전기 콘센트/스위치/차단기 리스크 리포트에서 '설치 위치·높이가 기준(스위치 1.2m, 콘센트 0.3m)에 맞는지', '분전반 접지·잠금 여부'를 확인 항목으로 사용.","간선 및 배선설비공사 표준시방서(KCS 32 25 10)에 따르면 분전반은 건조하고 취급자 외 접근이 어려운 장소에 설치하며 노출된 경우 잠금장치를 갖춰야 한다. 스위치는 바닥에서 중심까지 1.2m 높이를 기준으로 설치하고 회로의 비접지 측에 시설해야 하며, 콘센트는 바닥에서 기구 중심까지 0.3m 높이를 기준으로 하고 원칙적으로 1개 박스에 1개씩 설치한다. 이 코드(KCS 32 25 10)는 2024년 8월 22일 국토교통부 개정 고시로 전기설비 분야가 별도 대분류(32)로 재편되며 확정된 현행 기준이다. [※ '구 KCS 31 65 10에서 이 코드로 이관됐다'는 서술은 (1)개정 고시문이 명시한 '설비 분야를 기계/전기/산업환경으로 분리'라는 원칙과 (2)이 코드에 대응하는 'KCS 32 25 10 간선 및 배선설비 신구조문대비표' 파일이 실제 존재한다는 정황에 근거한 추정이며, 그 대비표 파일 자체(HWP, 미검증)를 열어 '31 65 10 → 32 25 10'이라는 명시적 조문 대응을 직접 확인한 것은 아니다.]","{""document_id"": ""GUIDE_ELEC_0001"", ""document_type"": ""WORK_MANUAL"", ""source_file"": ""KCS 32 25 10 간선 및 배선설비공사.pdf"", ""source_org"": ""국토교통부/국가건설기준센터(KCSC)"", ""category"": ""전기"", ""service_task"": ""콘센트/스위치 수리, 차단기 점검"", ""risk_type"": [""시공기준미준수"", ""안전리스크""], ""retrieval_tags"": [""전기설비"", ""KCS 31 65 10"", ""분전반"", ""스위치높이"", ""누전차단기"", ""배선용차단기""], ""reliability_score"": 0.85, ""priority"": ""상"", ""risk_category"": ""SAFETY""}",0.85,상,사용,SAFETY
GUIDE_WINDOW_0001,KCS 41 55 01 창호공사 일반_수정.pdf,1.5.2 품질관리 및 검사 / 1.1 적용범위 (KCS 41 55 01:2021 원문 확인 완료),WORK_MANUAL,국토교통부/국가건설기준센터(KCSC),창호,"창문/샷시 수리, 방충망 교체","시공기준미준수, 재질불량","창호공사, KCS 41 55 01, 알루미늄창호, 합성수지창호, 창호철물","창호공사는 목제/강제/알루미늄/합성수지/스테인리스/복합소재 창호 및 창호철물공사에 공통 적용되며, 공인시험기관 품질시험과 담당원 시공검사를 거쳐야 함.","원문 1.1: 재질별 창호공사와 창호철물공사에 공통 적용, 성능·견본·시험·치수 확인은 공사시방서에 따름. 원문 1.5.2: '수급인은 착공 후 품질관리 조직, 시험설비, 시험담당자, 품질관리항목 등을 정해 품질시험 및 관리 실시', 시공검사는 '공정마다 담당원의 검사를 받는다', 합격한 공정과 동일 공법 시공부는 추출검사 가능.","창문/샷시 견적에서 '계약된 재질과 실제 시공 재질이 일치하는지', '공인시험기관 품질시험을 거쳤는지'를 확인 근거로 사용. 소비자분쟁해결기준 DISPUTE_STANDARD(창호공사업)와 함께 사용 시 '규격미달' 판단 근거 보강.","창호공사 표준시방서(KCS 41 55 01)는 목제, 강제, 알루미늄 합금제, 합성수지제, 스테인리스 스틸, 복합소재 등 재질별 창호공사와 창호철물공사에 공통으로 적용된다. 시공업체는 착공 후 품질관리 계획을 세워 공인시험기관의 품질시험을 받아야 하며, 시공 중에는 공정마다 담당원의 검사를 받고 동일 공법으로 시공한 부분은 추출검사로 대체할 수 있다.","{""document_id"": ""GUIDE_WINDOW_0001"", ""document_type"": ""WORK_MANUAL"", ""source_file"": ""KCS 41 55 01 창호공사 일반_수정.pdf"", ""source_org"": ""국토교통부/국가건설기준센터(KCSC)"", ""category"": ""창호"", ""service_task"": ""창문/샷시 수리, 방충망 교체"", ""risk_type"": [""시공기준미준수"", ""재질불량""], ""retrieval_tags"": [""창호공사"", ""KCS 41 55 01"", ""알루미늄창호"", ""합성수지창호"", ""창호철물""], ""reliability_score"": 1.0, ""priority"": ""상"", ""risk_category"": ""FIELD""}",1,상,사용,FIELD
FURNITURE_0001,08_가전제품 품질보증기간(소비자분쟁해결기준 별표3)_추출노트.txt,소비자기본법 시행령 [별표1] 일반적 소비자분쟁해결기준 제1호 [재검증: 검색으로 원문 확인 완료],WARRANTY_STANDARD,공정거래위원회,가구,"가구 수리, 설치 작업, 교체 작업","품목별기준부재, 하자보수, 품질보증기간불명확","가구, 일반적소비자분쟁해결기준, 품목별기준없음, 수리교환환급","가구는 품목별 소비자분쟁해결기준에 개별 항목이 없어, 상위 일반원칙(품질보증기간 내 수리·교환·환급 비용 사업자 부담)만 적용 가능.","소비자기본법 시행령 별표1 제1호나목: '수리를 의뢰한 날부터 1개월이 지난 후에도 수리된 물품을 인도하지 못할 경우, 품질보증기간 이내면 동종물품 교환(불가시 환급), 품질보증기간 경과 후면 구입가 기준 정액 감가상각한 금액에 10%를 가산하여 환급'. 제1호다목: '유상수리한 날부터 2개월 이내 동일한 고장 재발 시 무상수리, 수리불가능하면 수리비 환급'. (law.go.kr 별표1 원문 및 easylaw.go.kr 생활법령정보로 교차 확인 완료)","가구(수납장/붙박이장 등) 리스크 리포트에서는 품목별 세부기준이 없다는 한계를 안내하고, 계약서상 하자보수기간을 명시적으로 확인하도록 유도하는 문구로 사용. 가구 전용 세부 기준은 추가 조사 대상으로 남김.","가구는 소비자분쟁해결기준의 품목별 보상기준(별표2)에 개별 항목으로 명시되어 있지 않아, 상위 원칙인 소비자기본법 시행령 [별표1] 일반적 소비자분쟁해결기준을 적용해야 한다. 이에 따르면 수리를 의뢰한 날부터 1개월이 지나도 물품을 인도받지 못하면, 품질보증기간 이내인 경우 동종물품으로 교환(불가능하면 환급)하고, 품질보증기간이 지난 경우 구입가격을 기준으로 정액 감가상각한 금액에 10%를 가산하여 환급한다. 또한 유상으로 수리한 날부터 2개월 이내에 동일한 고장이 재발하면 무상으로 수리하되, 수리가 불가능하면 수리비를 환급한다. 다만 가구의 품질보증기간·부품보유기간 자체는 별표3에 명시되지 않으므로 계약서나 품질보증서를 통해 별도로 확인해야 한다.","{""document_id"": ""FURNITURE_0001"", ""document_type"": ""WARRANTY_STANDARD"", ""source_file"": ""08_가전제품 품질보증기간(소비자분쟁해결기준 별표3)_추출노트.txt"", ""source_org"": ""공정거래위원회"", ""category"": ""가구"", ""service_task"": ""가구 수리, 설치 작업, 교체 작업"", ""risk_type"": [""품목별기준부재"", ""하자보수"", ""품질보증기간불명확""], ""retrieval_tags"": [""가구"", ""일반적소비자분쟁해결기준"", ""품목별기준없음"", ""수리교환환급""], ""reliability_score"": 0.95, ""priority"": ""중"", ""risk_category"": ""CONTRACT""}",0.95,중,사용,CONTRACT
WARRANTY_0003,_별표_3__품목별_품질보증기간_및_부품보유기간_소비자분쟁해결기준_.pdf,별표3 - 3.보일러 (가전제품 섹션과 별도 독립 항목),WARRANTY_STANDARD,공정거래위원회,가전/설비,보일러 점검,"품질보증기간경과, 부품미보유, 유상수리분쟁","보일러, 품질보증기간, 부품보유기간","보일러는 품질보증기간 2년, 부품보유기간 제조일로부터 8년 (별표3 3번 항목, 가전제품 섹션과는 별도로 독립 분류됨).",원문: '3. 보일러 ◦2년 ◦제조일로부터 8년'. 가전제품(섹션5) 목록에 속하지 않고 별표3 자체에서 독립 품목(3번)으로 분류됨.,보일러 리스크 리포트에서 설치연수 대비 보증기간·부품보유기간 만료 여부 확인 항목으로 사용. 기존 CASE_QNA_0004/0005(보일러 사례)와 함께 사용 시 근거 보강.,"보일러는 소비자분쟁해결기준 별표3에서 가전제품과는 별도로 독립된 품목(3번 항목)으로 분류되며, 품질보증기간 2년에 부품보유기간은 제조일로부터 8년이 적용된다. 이는 팀원이 확보한 CASE_QNA_0004, CASE_QNA_0005(보일러 하자·누수 사례)의 법적 근거를 뒷받침하는 정량적 수치다.","{""document_id"": ""WARRANTY_0003"", ""document_type"": ""WARRANTY_STANDARD"", ""source_file"": ""_별표_3__품목별_품질보증기간_및_부품보유기간_소비자분쟁해결기준_.pdf"", ""source_org"": ""공정거래위원회"", ""category"": ""가전/설비"", ""service_task"": ""보일러 점검"", ""risk_type"": [""품질보증기간경과"", ""부품미보유"", ""유상수리분쟁""], ""retrieval_tags"": [""보일러"", ""품질보증기간"", ""부품보유기간""], ""reliability_score"": 1.0, ""priority"": ""상"", ""risk_category"": ""CONTRACT""}",1,상,사용,CONTRACT
GUIDE_CURTAIN_0001,KCS 41 51 06 커튼 및 블라인드공사_수정.pdf,1.1 적용범위 / 3.1~3.3 시공 (KCS 41 51 06:2021 원문 확인 완료),WORK_MANUAL,국토교통부/국가건설기준센터(KCSC),가구,"가구 수리, 설치 작업","자재불량, 시공기준미준수, 고정불량","커튼, 블라인드, 베네치안블라인드, 감아올림기구, 견본승인","커튼·블라인드는 재질·색깔·규격 모두 담당원 견본 승인이 필요하며, 감아올림 기구·고정 철물의 내구성이 핵심 품질기준.","원문 1.1: '건축물의 내부에 설치하는 커튼 및 블라인드 공사에 적용'. 원문 3.1: 천의 품질·색깔·무늬는 견본 제출 후 승인. 원문 3.2: 감아올림용 끈은 순면직 3.5mm 이상, 경사테이프 간격 750mm 내외, 감아올림 기구는 작동 원활·내구성 필요, 고정 까치발 철물은 창틀 등에 튼튼히 고정.","가구 그룹(수납장/붙박이장/커튼블라인드) 중 '커튼/블라인드'에 대해 유일하게 확보한 공식 시공기준. 리스크 리포트에서 '자재 견본 승인 절차를 거쳤는지', '고정 철물이 창틀에 견고히 고정됐는지'를 확인 항목으로 사용.","커튼 및 블라인드공사는 건축물 내부 설치에 적용되며, 천의 품질·색깔·무늬와 블라인드의 재질은 반드시 견본을 제출해 담당원 승인을 받아야 한다. 베네치안 블라인드는 감아올림용 끈을 순면직 3.5mm 이상으로 하고 경사테이프는 750mm 내외 간격으로 설치하며, 감아올림 기구는 작동이 원활하고 내구성이 있어야 하고 고정 까치발 철물은 창틀 등에 견고히 고정해야 한다. 이는 가구 카테고리(수납장/붙박이장/커튼블라인드) 중 유일하게 확보된 공식 시공기준이다.","{""document_id"": ""GUIDE_CURTAIN_0001"", ""document_type"": ""WORK_MANUAL"", ""source_file"": ""KCS 41 51 06 커튼 및 블라인드공사_수정.pdf"", ""source_org"": ""국토교통부/국가건설기준센터(KCSC)"", ""category"": ""가구"", ""service_task"": ""가구 수리, 설치 작업"", ""risk_type"": [""자재불량"", ""시공기준미준수"", ""고정불량""], ""retrieval_tags"": [""커튼"", ""블라인드"", ""베네치안블라인드"", ""감아올림기구"", ""견본승인""], ""reliability_score"": 0.95, ""priority"": ""상"", ""risk_category"": ""SAFETY""}",0.95,상,사용,SAFETY
GUIDE_PLASTER_0001,KCS 41 46 01 미장공사 일반_수정.pdf,3.2.11 균열 및 박리 방지 (KCS 41 46 01 원문 확인 완료),WORK_MANUAL,국토교통부/국가건설기준센터(KCSC),벽/천장,벽면 보수,"균열, 박리, 재시공","미장공사, 균열방지, 박리방지, 보강재, 콘크리트양생","콘크리트는 타설 후 28일 이상 경과해야 미장 시공 가능하며, 균열이 발생하기 쉬운 개구부·이종바탕 접속부에는 보강재 설치가 표준.","원문: '콘크리트는 타설후 28일 이상 경과한 다음 균열, 재료분리, 과도한 요철 등이 없어야' 시공 가능. 원문 3.2.11: '개구부의 모서리나 라스, 목모 시멘트판, 석고라스 보드... 등 미장면 균열이 발생하기 쉬운 곳에는 섬유 등 균열방지용 보강재를 설치', '서로 다른 바탕 접속부의 균열을 방지하기 위한 줄눈설치'.","벽면 균열·박리 리스크 리포트에서 '콘크리트 양생기간(28일)을 지켰는지', '이종바탕 접속부에 보강재·줄눈 처리가 됐는지'를 확인 항목으로 사용. 신축 건물의 조기 마감공사에서 균열 리스크 판단 근거로 활용.","미장공사는 콘크리트 타설 후 28일 이상 경과해 균열·재료분리·요철이 없는 상태에서 시공하는 것이 원칙이다. 개구부 모서리나 서로 다른 재질의 바탕이 만나는 접속부처럼 균열이 발생하기 쉬운 곳에는 섬유 등 균열방지용 보강재나 줄눈을 설치해야 하며, 이를 생략하면 벽면 균열·박리 하자로 이어질 가능성이 높다.","{""document_id"": ""GUIDE_PLASTER_0001"", ""document_type"": ""WORK_MANUAL"", ""source_file"": ""KCS 41 46 01 미장공사 일반_수정.pdf"", ""source_org"": ""국토교통부/국가건설기준센터(KCSC)"", ""category"": ""벽/천장"", ""service_task"": ""벽면 보수"", ""risk_type"": [""균열"", ""박리"", ""재시공""], ""retrieval_tags"": [""미장공사"", ""균열방지"", ""박리방지"", ""보강재"", ""콘크리트양생""], ""reliability_score"": 0.95, ""priority"": ""중"", ""risk_category"": ""FIELD""}",0.95,중,사용,FIELD
GUIDE_ONDOL_0001,KCS 41 53 01 온수 온돌공사_수정.pdf,2.2 재료검사 / 3장 시공 (KCS 41 53 01 원문 확인 완료),WORK_MANUAL,국토교통부/국가건설기준센터(KCSC),가전/설비,"보일러 점검, 누수 점검","누수, 균열, 재시공, 시공기준미준수","온수온돌, 바닥난방, 온수가동시험, 균열보수","온수배관 시공 후 일정 시간 이상 온수 가동 시험으로 합격 여부를 검증하며, 균열은 시공 후 3개월 이상 경과 시점에 전용 보수제로 처리하는 것이 표준.",원문: 배관 시공 후 '온수 가동 시험을 거쳐 합격여부를 검증한 뒤 본 시공에 들어간다. 동절기 등 온수가동시험이 불가능할 때는 담당원의 승인을 받아 공기압시험 등으로 대체'. 원문: '모르타르면에 폭 0.2mm 이상의 잔금 또는 균열이 발생한 때는 시공 후 3개월 이상 경과한 시점에서... 균열보수제를 사용하여 보수한다.',"바닥난방/보일러 배관 관련 리스크 리포트에서 '온수 가동 시험(또는 공기압시험)을 거쳤는지', '균열 발생 시 3개월 이상 경과 후 보수했는지'를 확인 항목으로 사용. WARRANTY_0003(보일러 품질보증기간)과 함께 사용 시 근거 보강.","온수 온돌공사는 바닥 슬래브 위에 온수 배관을 설치하는 난방 시스템으로, 마감 시공 전 온수 가동 시험(동절기에는 공기압시험 대체 가능)을 거쳐 합격 여부를 검증해야 한다. 시공 후 모르타르면에 폭 0.2mm 이상의 균열이 발생하면 3개월 이상 경과한 시점에 전용 균열보수제로 보수하는 것이 표준 절차다.","{""document_id"": ""GUIDE_ONDOL_0001"", ""document_type"": ""WORK_MANUAL"", ""source_file"": ""KCS 41 53 01 온수 온돌공사_수정.pdf"", ""source_org"": ""국토교통부/국가건설기준센터(KCSC)"", ""category"": ""가전/설비"", ""service_task"": ""보일러 점검, 누수 점검"", ""risk_type"": [""누수"", ""균열"", ""재시공"", ""시공기준미준수""], ""retrieval_tags"": [""온수온돌"", ""바닥난방"", ""온수가동시험"", ""균열보수""], ""reliability_score"": 0.95, ""priority"": ""중"", ""risk_category"": ""FIELD""}",0.95,중,사용,FIELD
EXTRA_COST_0001,13_추가공사_비용_발생_조건_정리.txt,계약서 조항 기반 - 정당/부당 추가비용 구분 (원문 조항 재인용),EXTRA_COST_TRIGGER,공정거래위원회 표준계약서 + 민간 계약서 샘플,계약/추가비용,추가비용 정당성 판단,"추가비용, 공사변경, 자재변경","추가비용트리거, 정당한추가비용, 공사변경, 자재변경, 원자재가격상승","소비자 사정으로 인한 공사내용 변경 시 추가비용은 소비자 부담(정당), 원자재가격 상승만을 이유로 한 일방적 인상은 불가(부당) — 계약서 조항 기준.","실내건축 표준계약서 제8조①②: 자재 공급 불가로 대체시공해도 동질·동가면 인상 불가, 소비자 사정으로 공사내용 변경 시 추가비용은 소비자 부담. 제3조④: 원자재가격 상승만을 이유로 한 인상 불가.",리스크 리포트에서 시공자가 제시한 추가비용 사유가 '소비자 요청에 의한 변경'인지 '원자재가격 상승 등 일방적 사유'인지 구분해서 정당성을 안내하는 근거로 사용.,"계약서상 정당한 추가비용과 부당한 추가비용은 명확히 구분된다. 소비자의 요청으로 공사 내용이 변경되는 경우 그로 인한 추가비용은 소비자가 부담하는 것이 정당하지만, 원자재 가격 상승만을 이유로 시공업체가 일방적으로 공사금액을 인상하는 것은 부당하다. 자재 공급이 불가능해 대체 자재로 시공하더라도 동질·동가의 제품이라면 추가 비용 청구는 불가하다.","{""document_id"": ""EXTRA_COST_0001"", ""document_type"": ""EXTRA_COST_TRIGGER"", ""source_file"": ""13_추가공사_비용_발생_조건_정리.txt"", ""source_org"": ""공정거래위원회 표준계약서 + 민간 계약서 샘플"", ""category"": ""계약/추가비용"", ""service_task"": ""추가비용 정당성 판단"", ""risk_type"": [""추가비용"", ""공사변경"", ""자재변경""], ""retrieval_tags"": [""추가비용트리거"", ""정당한추가비용"", ""공사변경"", ""자재변경"", ""원자재가격상승""], ""reliability_score"": 0.85, ""priority"": ""상"", ""risk_category"": ""EXTRA_COST""}",0.85,상,사용,EXTRA_COST
EXTRA_COST_0002,13_추가공사_비용_발생_조건_정리.txt,"현장 발견형 추가비용 시나리오 (업계 일반 관행 정리, 비공식)",EXTRA_COST_TRIGGER,복수 민간 인테리어 가이드 공통 패턴 정리,계약/추가비용,현장 발견 시 추가비용 시나리오,"추가비용, 현장변수, 철거후발견","추가비용트리거, 곰팡이발견, 노후배관, 하부구조손상, 창틀변형","철거 중 곰팡이·누수 발견, 노후배관 전체부식 확인, 하부구조 손상, 매립배선 위치 상이, 창틀 변형 등은 업계에서 흔히 정당한 추가비용 사유로 다뤄짐(공식 통계 아님).","복수의 민간 인테리어 가이드에서 공통적으로 언급되는 패턴: 철거 중 곰팡이·누수 흔적 발견→방수공사 추가, 노후배관 전체 부식 확인→전체교체 필요, 벽체 철거 중 매립배선 위치가 도면과 다름→재시공 필요.",리스크 리포트에서 '시공 중 발견 시 추가비용이 정당할 수 있는 사유' 안내용으로 사용. 협의 없이 일방적으로 청구되는 추가비용과는 구분해서 안내.,"실제 시공 현장에서는 철거 이후에야 발견되는 문제로 인해 추가 비용이 발생하는 경우가 많다. 철거 중 곰팡이나 누수 흔적이 발견되면 방수공사가 추가로 필요할 수 있고, 배관을 철거하다 노후 배관 전체의 부식이 확인되면 부분 교체 대신 전체 교체가 필요해질 수 있다. 바닥 철거 중 하부 구조의 손상이나 벽체 철거 중 매립 배선의 위치가 도면과 다른 경우, 창호 철거 중 창틀의 변형이나 부식이 확인되는 경우도 마찬가지로 추가 공사가 필요한 대표적인 사례다. 다만 이는 공식 통계가 아니라 업계에서 통용되는 일반적인 패턴을 정리한 것이다.","{""document_id"": ""EXTRA_COST_0002"", ""document_type"": ""EXTRA_COST_TRIGGER"", ""source_file"": ""13_추가공사_비용_발생_조건_정리.txt"", ""source_org"": ""복수 민간 인테리어 가이드 공통 패턴 정리"", ""category"": ""계약/추가비용"", ""service_task"": ""현장 발견 시 추가비용 시나리오"", ""risk_type"": [""추가비용"", ""현장변수"", ""철거후발견""], ""retrieval_tags"": [""추가비용트리거"", ""곰팡이발견"", ""노후배관"", ""하부구조손상"", ""창틀변형""], ""reliability_score"": 0.5, ""priority"": ""중"", ""risk_category"": ""EXTRA_COST""}",0.5,중,사용,EXTRA_COST
SAFETY_0001,14_안전_주의사항_5종_추출노트.txt,전기/조명,SAFETY_GUIDE,"전기·가스사고발생 국민행동요령(safekorea.go.kr), 대구소방안전본부, KOSHA 안전교육교안",전기,"콘센트/스위치 수리, 조명 교체","안전리스크, 감전위험, 화재위험","전기안전, 감전, 누전차단기, 문어발식, 접지","전기공사는 정부 면허 전문업체 의뢰 필수. 누전차단기 설치, 문어발식 콘센트 사용 금지, 물기있는 곳은 접지형 콘센트 사용.","[2026-07-19 출처 재확인] '배선 피복손상 수시확인', '늘어진 전선 접촉 금지'는 산업안전보건기준에 관한 규칙이 아니라 전기·가스사고발생 국민행동요령(safekorea.go.kr) 및 대구소방안전본부 전기감전사고 예방수칙에서 나온 내용이다(기존에 '제305조·제309조'로 특정 조문을 인용했던 것은 부정확 — 해당 조문들은 각각 과전류차단장치, 임시전등 위험방지에 관한 내용으로 이 문구와 직접 대응하지 않아 정정함). '스위치/콘센트 불량 시 즉시 사용중단, 직접 수리 금지'는 대구소방안전본부 자료. '접지형 콘센트·플러그 사용'은 KOSHA 안전교육교안(감전사고 예방) 자료 기반.","전기 리스크 리포트에서 '전문업체 시공 여부', '누전차단기 설치 여부', '콘센트 과부하 여부'를 안전 체크리스트 항목으로 사용.","전기공사는 반드시 정부 면허를 보유한 전문 공사업체에 의뢰해야 하며, 스위치나 콘센트가 불량할 경우 직접 만지지 말고 즉시 사용을 중단해야 한다. 감전과 화재 예방을 위해 누전차단기를 설치하고 정기적으로 작동을 점검해야 하며, 한 콘센트에 여러 플러그를 꽂는 문어발식 사용은 과부하로 인한 화재 위험이 있어 피해야 한다. 물기나 습기가 있는 곳에서 사용하는 전기기기는 접지형 콘센트와 플러그를 사용해야 한다.","{""document_id"": ""SAFETY_0001"", ""document_type"": ""SAFETY_GUIDE"", ""source_file"": ""14_안전_주의사항_5종_추출노트.txt"", ""source_org"": ""산업안전보건기준에관한규칙(law.go.kr), 대구소방안전본부, KOSHA"", ""category"": ""전기"", ""service_task"": ""콘센트/스위치 수리, 조명 교체"", ""risk_type"": [""안전리스크"", ""감전위험"", ""화재위험""], ""retrieval_tags"": [""전기안전"", ""감전"", ""누전차단기"", ""문어발식"", ""접지""], ""reliability_score"": 0.95, ""priority"": ""상"", ""risk_category"": ""SAFETY""}",0.95,상,사용,SAFETY
SAFETY_0002,14_안전_주의사항_5종_추출노트.txt,보일러/난방,SAFETY_GUIDE,"국민재난안전포털, 예스코(도시가스), KOSHA",가전/설비,보일러 점검,"안전리스크, 가스누출, 화재위험, 질식위험","보일러안전, 가스누출, 일산화탄소, 환기구, 정기점검",가스보일러 사용 시 급기구/환기구를 막지 않아야 일산화탄소 중독 예방. 매월 4일 가스안전점검의 날에 자율점검 권장.,"예스코 가스시설 점검요령: 급기구·환기구를 비닐 등으로 막으면 산소부족 질식사고 우려. 국민재난안전포털: 가스 누출 시 화기·전기스위치 사용금지, 즉시 환기 후 전문업체 신고.","보일러 리스크 리포트에서 '환기구가 막혀있지 않은지', '정기점검 이력이 있는지'를 안전 체크리스트로 사용. WARRANTY_0003(보일러 품질보증기간)과 함께 활용.","가스보일러를 사용할 때는 배기가스인 일산화탄소 중독을 예방하기 위해 급기구와 환기구를 비닐 등으로 막지 않아야 하며, 막을 경우 산소 부족으로 인한 질식사고 우려가 있다. 매월 4일은 가스안전점검의 날로 지정되어 있어 가스계량기의 변형이나 누출 여부를 자율적으로 점검하는 것이 권장된다. 가스 누출이 의심되면 화기나 전기스위치 사용을 금지하고 즉시 환기한 뒤 전문업체에 신고해야 한다.","{""document_id"": ""SAFETY_0002"", ""document_type"": ""SAFETY_GUIDE"", ""source_file"": ""14_안전_주의사항_5종_추출노트.txt"", ""source_org"": ""국민재난안전포털, 예스코(도시가스), KOSHA"", ""category"": ""가전/설비"", ""service_task"": ""보일러 점검"", ""risk_type"": [""안전리스크"", ""가스누출"", ""화재위험"", ""질식위험""], ""retrieval_tags"": [""보일러안전"", ""가스누출"", ""일산화탄소"", ""환기구"", ""정기점검""], ""reliability_score"": 0.9, ""priority"": ""상"", ""risk_category"": ""SAFETY""}",0.9,상,사용,SAFETY
SAFETY_0003,14_안전_주의사항_5종_추출노트.txt,배관/누수,SAFETY_GUIDE,"KCS 41 40 01, KCS 41 53 01 재해석",누수/방수,"누수 점검, 배관 교체","안전리스크, 감전위험, 탐지필요","배관안전, 누수탐지, 굴착작업, 전기배선이격",매립 배관은 육안 확인 불가하여 탐지기로 위치 특정 필요. 굴착 작업 시 주변 전기배선과의 이격 여부 확인 필요(감전 위험).,"매립 배관은 누수 탐지기(가스식·청음식)로 위치를 특정한 후 굴착해야 하며, 굴착·절개 작업 시 주변 전기배선과의 이격 여부를 반드시 확인해야 감전 위험을 피할 수 있다.","배관/누수 리스크 리포트에서 '탐지 절차를 거쳤는지', '굴착 작업 시 전기배선 확인을 했는지'를 안전 체크리스트로 사용.","매립된 배관은 육안으로 정확한 손상 위치를 확인할 수 없어 가스식이나 청음식 누수 탐지기로 위치를 특정한 뒤 굴착 작업을 진행해야 한다. 굴착이나 절개 작업을 할 때는 주변에 전기배선이 지나가는지 반드시 확인해야 하며, 그렇지 않으면 작업 중 감전 위험이 있다.","{""document_id"": ""SAFETY_0003"", ""document_type"": ""SAFETY_GUIDE"", ""source_file"": ""14_안전_주의사항_5종_추출노트.txt"", ""source_org"": ""KCS 41 40 01, KCS 41 53 01 재해석"", ""category"": ""누수/방수"", ""service_task"": ""누수 점검, 배관 교체"", ""risk_type"": [""안전리스크"", ""감전위험"", ""탐지필요""], ""retrieval_tags"": [""배관안전"", ""누수탐지"", ""굴착작업"", ""전기배선이격""], ""reliability_score"": 0.75, ""priority"": ""중"", ""risk_category"": ""SAFETY""}",0.75,중,사용,SAFETY
SAFETY_0004,14_안전_주의사항_5종_추출노트.txt,창호/문,SAFETY_GUIDE,KCS 41 55 01 재해석(고소작업 관점),창호,창문/샷시 수리,"안전리스크, 추락위험, 낙하위험","창호안전, 고소작업, 추락위험, 철물낙하",고층 창호 교체·철거는 추락 위험이 있어 안전대·안전난간 등 고소작업 안전장비 필요. 창호 철물 부실시공은 낙하 위험으로 이어질 수 있음.,"고층 창호 작업 시 고소작업 안전장비(안전대, 안전난간) 필요. 경첩·고정철물 부실 시공은 낙하 사고로 이어질 수 있어 시공 후 검사가 필요.","창호 리스크 리포트에서 '고소작업 안전장비 착용 여부', '철물 고정 상태 검사 여부'를 안전 체크리스트로 사용. 이 항목은 특정 공식 안전기준 문서를 찾지 못해 KCS 시공기준을 안전 관점으로 재해석한 것임(신뢰도 상대적으로 낮음).","고층 아파트의 창호를 교체하거나 철거하는 작업은 추락 위험이 있어 안전대나 안전난간 같은 고소작업용 안전장비가 필요하다. 창호의 경첩이나 고정철물이 부실하게 시공되면 낙하 사고로 이어질 수 있어 시공 완료 후 검사가 필요하다. 다만 이 항목은 창호 작업에 특화된 공식 안전기준 문서를 찾지 못해, 창호 시공 표준(KCS 41 55 01)을 안전 관점에서 재해석한 것이라는 한계가 있다.","{""document_id"": ""SAFETY_0004"", ""document_type"": ""SAFETY_GUIDE"", ""source_file"": ""14_안전_주의사항_5종_추출노트.txt"", ""source_org"": ""KCS 41 55 01 재해석(고소작업 관점)"", ""category"": ""창호"", ""service_task"": ""창문/샷시 수리"", ""risk_type"": [""안전리스크"", ""추락위험"", ""낙하위험""], ""retrieval_tags"": [""창호안전"", ""고소작업"", ""추락위험"", ""철물낙하""], ""reliability_score"": 0.6, ""priority"": ""중"", ""risk_category"": ""SAFETY""}",0.6,중,사용,SAFETY
SAFETY_0005,14_안전_주의사항_5종_추출노트.txt,타일/욕실,SAFETY_GUIDE,"한국소비자원·공정거래위원회·농촌진흥청 공동 고령자 낙상사고 안전주의보, KCS 41 48 01",타일/욕실,"타일 교체, 욕실 시공","안전리스크, 미끄럼위험, 낙상위험","타일안전, 낙상, 고령자, 미끄럼방지, 그랩바","한국소비자원 소비자위해감시시스템(CISS) 집계 기준 최근 4년간 고령자 안전사고 2만 3,561건 중 62.7%가 낙상사고. 낙상사고의 81.3%가 미끄러짐/넘어짐으로 발생. 미끄럼 방지 바닥재·안전손잡이 설치 권장. [2026-07-19 수정: 기사 서두의 '연간 1만명 이상 사망'이라는 문구는 기사 본문 통계(4년간 2만3,561건의 사고 접수, 사망자 수 아님)와 앞뒤가 안 맞아 제외함]","한국소비자원 CISS(소비자위해감시시스템) 집계: 2018~2021년 4년간 고령자 안전사고 2만3,561건 중 62.7%(1만4,778건)가 낙상사고, 그중 81.3%(1만2,015건)가 미끄러짐/넘어짐. 낙상사고로 머리·뇌 손상이 가장 많음(3,014건). 소비자원·공정위·농진청 공동 발령 안전주의보에서 미끄럼방지 바닥재, 안전손잡이 설치 권장. KCS 41 48 01은 미끄럼시험방법(KS F 2601)을 별도 규정.","타일/욕실 리스크 리포트에서 '미끄럼 방지 타일 사용 여부', '안전손잡이 설치 여부'를 체크리스트로 제시. 특히 고령자 가구 대상 시공 시 우선 안내.","한국소비자원 소비자위해감시시스템(CISS) 집계에 따르면 2018년부터 2021년까지 4년간 접수된 고령자 안전사고 2만3,561건 가운데 62.7%인 1만4,778건이 낙상사고였으며, 이 중 81.3%는 미끄러지거나 넘어져서 발생했다. 낙상사고로 인한 부상 부위 중에서는 머리와 뇌 손상이 가장 많았다(3,014건). 이에 한국소비자원과 공정거래위원회, 농촌진흥청은 공동으로 고령자 낙상사고 예방 안전주의보를 발령하며 미끄럼 방지 바닥재나 매트 설치, 변기·욕조 주변 안전 손잡이 설치를 당부했다. 타일 표준시방서(KCS 41 48 01)도 바닥 미끄럼 시험방법을 별도로 규정하고 있어 타일 선정 시 참고할 수 있다.","{""document_id"": ""SAFETY_0005"", ""document_type"": ""SAFETY_GUIDE"", ""source_file"": ""14_안전_주의사항_5종_추출노트.txt"", ""source_org"": ""한국소비자원·공정거래위원회·농촌진흥청 공동 고령자 낙상사고 안전주의보, KCS 41 48 01"", ""category"": ""타일/욕실"", ""service_task"": ""타일 교체, 욕실 시공"", ""risk_type"": [""안전리스크"", ""미끄럼위험"", ""낙상위험""], ""retrieval_tags"": [""타일안전"", ""낙상"", ""고령자"", ""미끄럼방지"", ""그랩바""], ""reliability_score"": 0.9, ""priority"": ""상"", ""risk_category"": ""SAFETY""}",0.9,상,사용,SAFETY
FIELD_0001,15_현장변수_5종_정리노트.txt,전기 배선,FIELD_VARIABLE_GUIDE,KCS 32 25 10 + 전기·가스사고발생 국민행동요령(safekorea.go.kr) 재해석,전기,콘센트/스위치 수리,"현장변수, 매립배선, 배선피복손상","전기배선, 매립, 도면상이, 피복손상",기존 건물의 실제 배선 경로는 도면과 다를 수 있어 벽체를 열어봐야 확인 가능. 노후건물은 배선 피복 손상이 육안으로 안 보이는 경우 많음.,"콘센트/스위치 설치 표준(KCS 32 25 10)은 있으나 기존 건물의 실배선은 벽체 개방 전까지 확인 불가. [2026-07-19 정정] '배선 피복손상의 수시 확인'은 산업안전보건기준에 관한 규칙 제305조(과전류차단장치에 관한 조문)가 아니라, 전기·가스사고발생 국민행동요령(safekorea.go.kr)에서 나온 내용이다 — 이전에 잘못된 조문번호를 인용했던 것을 정정함.","전기 리스크 리포트에서 '사진만으로는 실제 배선 상태를 확인할 수 없다'는 점을 안내하고, 현장 방문 시 벽체 개방 후 확인이 필요하다고 명시.","콘센트와 스위치의 설치 위치에는 표준 기준이 있지만, 기존 건물에 실제로 시공된 배선의 경로는 도면과 다를 수 있어 벽체를 열어보기 전까지는 정확히 알 수 없다. 노후 건물의 경우 배선의 피복 손상 여부도 육안으로 확인되지 않는 경우가 많아, 현장 방문 후에야 정확한 상태를 판단할 수 있다.","{""document_id"": ""FIELD_0001"", ""document_type"": ""FIELD_VARIABLE_GUIDE"", ""source_file"": ""15_현장변수_5종_정리노트.txt"", ""source_org"": ""KCS 32 25 10 + 산업안전보건기준 재해석"", ""category"": ""전기"", ""service_task"": ""콘센트/스위치 수리"", ""risk_type"": [""현장변수"", ""매립배선"", ""배선피복손상""], ""retrieval_tags"": [""전기배선"", ""매립"", ""도면상이"", ""피복손상""], ""reliability_score"": 0.65, ""priority"": ""중"", ""risk_category"": ""FIELD""}",0.65,중,사용,FIELD
FIELD_0002,15_현장변수_5종_정리노트.txt,누수 원인,FIELD_VARIABLE_GUIDE,KCS 41 53 01 재해석,누수/방수,누수 점검,"현장변수, 매립배관, 누수탐지필요","누수원인, 매립배관, 탐지비용, 가동시험",온수배관은 시공 후 가동시험이 표준이나 기존 배관은 이 이력이 없는 경우가 많음. 배관 손상은 육안 확인 불가해 탐지기로 특정해야 함(별도 비용 발생).,온수온돌공사(KCS 41 53 01)는 신규 시공 시 온수 가동시험을 표준으로 규정하나 기존 배관은 검증 이력 없음. 탐지 비용은 별도로 30만~50만원대 발생(13번 자료 EXTRA_COST와 연결).,누수 리스크 리포트에서 '탐지 비용이 별도로 발생할 수 있다'는 점과 '정확한 원인은 탐지 후에야 알 수 있다'는 점을 함께 안내.,"온수 배관은 신규 시공 시 가동시험으로 검증하는 것이 표준이지만, 이미 설치된 기존 배관은 이런 검증 이력이 없는 경우가 대부분이다. 배관의 손상이나 균열은 육안으로 정확한 위치를 확인할 수 없어 별도의 누수 탐지 작업이 필요하며, 이 탐지 작업 자체가 추가 비용으로 이어질 수 있다.","{""document_id"": ""FIELD_0002"", ""document_type"": ""FIELD_VARIABLE_GUIDE"", ""source_file"": ""15_현장변수_5종_정리노트.txt"", ""source_org"": ""KCS 41 53 01 재해석"", ""category"": ""누수/방수"", ""service_task"": ""누수 점검"", ""risk_type"": [""현장변수"", ""매립배관"", ""누수탐지필요""], ""retrieval_tags"": [""누수원인"", ""매립배관"", ""탐지비용"", ""가동시험""], ""reliability_score"": 0.7, ""priority"": ""중"", ""risk_category"": ""FIELD""}",0.7,중,사용,FIELD
FIELD_0003,15_현장변수_5종_정리노트.txt,창호 실측/틀 변형,FIELD_VARIABLE_GUIDE,KCS 41 55 01 재해석,창호,창문/샷시 수리,"현장변수, 실측필요, 구조변형","창호실측, 틀변형, 벽체침하, 수평불량","창호 표준시방서는 신규 시공 기준이라, 기존 창틀의 변형 정도는 실측 전까지 알 수 없음. 노후건물은 벽체 침하로 창틀 수평이 안 맞는 경우 있음.",창호공사 표준시방서(KCS 41 55 01)는 재질별 성능·치수를 규정하지만 기존 창틀의 변형 여부는 실측이 필요. 사진상으로는 '낡았다' 정도만 파악 가능.,"창호 견적 리포트에서 '정확한 견적은 실측 후 확정된다'는 점을 명시하고, 사진만으로 받은 1차 견적과 실측 후 견적이 달라질 수 있음을 안내.","창호 표준시방서는 재질별 성능과 치수 기준을 규정하고 있지만, 이는 신규 시공을 전제로 한 기준이라 기존에 설치된 창틀이 얼마나 변형되었는지는 실측을 해봐야 정확히 알 수 있다. 노후 건물은 콘크리트 벽체 자체가 침하되거나 변형되어 창틀의 수평이 맞지 않는 경우가 있는데, 사진만으로는 새시가 낡았다는 정도만 파악할 수 있을 뿐 정확한 변형 정도는 확인하기 어렵다.","{""document_id"": ""FIELD_0003"", ""document_type"": ""FIELD_VARIABLE_GUIDE"", ""source_file"": ""15_현장변수_5종_정리노트.txt"", ""source_org"": ""KCS 41 55 01 재해석"", ""category"": ""창호"", ""service_task"": ""창문/샷시 수리"", ""risk_type"": [""현장변수"", ""실측필요"", ""구조변형""], ""retrieval_tags"": [""창호실측"", ""틀변형"", ""벽체침하"", ""수평불량""], ""reliability_score"": 0.65, ""priority"": ""중"", ""risk_category"": ""FIELD""}",0.65,중,사용,FIELD
FIELD_0004,15_현장변수_5종_정리노트.txt,타일 하부 방수층,FIELD_VARIABLE_GUIDE,KCS 41 40 01 재해석,누수/방수,"타일 교체, 욕실 누수 점검","현장변수, 방수층손상, 타일철거필요","타일하부, 방수층, 담수시험이력, 타일철거",타일 아래 방수층 상태는 타일을 뜯기 전까지 알 수 없음. 담수시험은 신규시공 검증절차라 기존 욕실은 이력이 없는 경우 대부분.,방수공사일반(KCS 41 40 01)의 담수시험(48시간 누수확인)은 신규 시공 시 검증 절차. 타일 들뜸·백화·동해 현상이 있으면 방수층 손상을 의심할 근거는 되나 확정하려면 철거 필요.,"욕실 리스크 리포트에서 '타일 표면 하자(들뜸/백화)가 있으면 방수층도 손상됐을 가능성이 있다'는 연관성을 안내하되, 확정 진단은 철거 후 가능하다는 점 명시.","타일 아래에 시공된 방수층의 상태는 타일을 철거하기 전까지는 확인할 수 없다. 신규 시공 시에는 담수시험을 통해 48시간 동안 누수 여부를 검증하는 것이 표준이지만, 기존에 시공된 욕실은 이런 검증 이력이 없는 경우가 대부분이다. 타일 표면에 들뜸이나 백화, 동해 같은 하자가 나타난다면 방수층 손상을 의심할 근거는 되지만, 정확한 상태를 확정하려면 타일을 철거해야 한다.","{""document_id"": ""FIELD_0004"", ""document_type"": ""FIELD_VARIABLE_GUIDE"", ""source_file"": ""15_현장변수_5종_정리노트.txt"", ""source_org"": ""KCS 41 40 01 재해석"", ""category"": ""누수/방수"", ""service_task"": ""타일 교체, 욕실 누수 점검"", ""risk_type"": [""현장변수"", ""방수층손상"", ""타일철거필요""], ""retrieval_tags"": [""타일하부"", ""방수층"", ""담수시험이력"", ""타일철거""], ""reliability_score"": 0.7, ""priority"": ""중"", ""risk_category"": ""FIELD""}",0.7,중,사용,FIELD
FIELD_0005,15_현장변수_5종_정리노트.txt,벽 내부 습기,FIELD_VARIABLE_GUIDE,KCS 41 46 01 재해석 + CASE_QNA_0002 연계,벽/천장,벽면 보수,"현장변수, 결로, 양생기간미준수","벽체습기, 결로, 양생기간, 발코니확장",벽지/마감재 안쪽 습기·결로는 표면에 드러나기 전까지 확인 불가. 콘크리트 양생기간(28일) 미준수 시 내부에 수분이 남아있을 수 있음.,미장공사(KCS 41 46 01)는 콘크리트 타설 후 28일 이상 경과해야 시공 가능하다고 규정. 이 양생기간을 안 지킨 벽은 내부 수분 잔존 가능. 결로는 발코니 확장 등 단열구조 변경 시 자주 발생(CASE_QNA_0002 참고).,"벽면 리스크 리포트에서 '발코니 확장 등 구조변경 이력이 있는지'를 확인 항목으로 제시하고, 외부 확인만으로는 내부 결로 진행 정도를 알 수 없다는 점을 안내.","벽지나 마감재 안쪽의 습기와 결로는 표면에 곰팡이나 변색 등으로 드러나기 전까지는 확인하기 어렵다. 미장공사 기준에 따르면 콘크리트는 타설 후 28일 이상 경과해야 시공이 가능한데, 이 양생기간을 지키지 않은 벽은 내부에 수분이 남아있을 가능성이 있다. 특히 결로는 발코니 확장처럼 단열 구조가 변경되는 공사에서 자주 발생하는데, 외부에서 육안으로 확인하는 것만으로는 벽체 내부의 결로 진행 정도를 정확히 파악하기 어렵다.","{""document_id"": ""FIELD_0005"", ""document_type"": ""FIELD_VARIABLE_GUIDE"", ""source_file"": ""15_현장변수_5종_정리노트.txt"", ""source_org"": ""KCS 41 46 01 재해석 + CASE_QNA_0002 연계"", ""category"": ""벽/천장"", ""service_task"": ""벽면 보수"", ""risk_type"": [""현장변수"", ""결로"", ""양생기간미준수""], ""retrieval_tags"": [""벽체습기"", ""결로"", ""양생기간"", ""발코니확장""], ""reliability_score"": 0.7, ""priority"": ""중"", ""risk_category"": ""FIELD""}",0.7,중,사용,FIELD
PRICE_0001,12_카테고리별_수리비_참고자료_추출노트.txt,"전체/개별 항목 시세 정리 (민간 출처, 공식 기준표 아님)",PRICING_REFERENCE,"민간 종합(오늘의집 원가검수센터, lifebase.kr, 아정당 등)",가격,전체 인테리어/개별 항목 시세 참고,"가격정보부재, 가격편차큼, 금전피해","수리비, 시세, 평당단가, 보일러배관, 에어컨, 리모델링비용","정부·공공기관 공식 수리비 기준표가 없어 민간 플랫폼 시세 정보로 대체. 다만 출처마다 편차가 매우 커서(30평대 기준 2,000만~9,500만원까지 3개 블로그가 서로 다른 수치 제시) 특정 숫자를 대표값으로 제시하지 않고 범위 편차 자체를 안내하는 용도로만 사용 권장.","검색된 3개 민간 출처가 30평대 전체 시공 비용을 각각 다르게 제시: lifebase.kr(1) 2,500만~5,000만원, lifebase.kr(2) 6,000만~9,500만원, lifebase.kr(3) 2,000만~4,000만원(20평형은 1,500만~3,000만원). 동일 블로그 계열에서도 글마다 최대 2배 이상 차이가 나 신뢰도가 낮음. 보일러 배관 누수탐지 30~50만원은 여러 출처에서 비교적 일관되게 언급됨(상대적으로 신뢰도 높은 편).","PRICE 카테고리 검색 시 특정 견적 금액이 '적정한지'를 단정적으로 판단하는 근거로 쓰지 말고, '민간 시세 정보는 출처마다 편차가 크므로 여러 업체 견적을 비교해보라'는 안내 문구로 활용. 확정 가격이 아니므로 절대 하나의 숫자로 단정하지 않을 것.","정부나 소비자원이 발간한 공식 수리비 기준표는 확인되지 않아, 민간 플랫폼과 업체 블로그의 시세 정보를 참고 자료로 수집했다. 다만 이 출처들 사이에서도 편차가 상당히 크다는 점을 유의해야 한다. 예를 들어 30평대 아파트 전체 인테리어 비용을 놓고 한 출처는 2,000만원에서 4,000만원, 다른 출처는 2,500만원에서 5,000만원, 또 다른 출처는 6,000만원에서 9,500만원을 제시하는 등 최대 2배 이상의 편차가 있다. 따라서 이 자료의 가격 수치는 특정 금액을 대표값으로 제시하기보다는 '민간 시세 정보는 출처마다 편차가 크다'는 사실 자체를 사용자에게 안내하는 용도로 활용하는 것이 안전하다. 상대적으로 여러 출처에서 일관되게 언급된 정보로는 보일러 배관 누수 탐지 비용이 30만원에서 50만원 수준이라는 점이 있다(탐지비만 해당, 배관 교체비는 별도).","{""document_id"": ""PRICE_0001"", ""document_type"": ""PRICING_REFERENCE"", ""source_file"": ""12_카테고리별_수리비_참고자료_추출노트.txt"", ""source_org"": ""민간 종합(오늘의집 원가검수센터, lifebase.kr, 아정당 등)"", ""category"": ""가격"", ""service_task"": ""전체 인테리어/개별 항목 시세 참고"", ""risk_type"": [""가격정보부재"", ""가격편차큼"", ""금전피해""], ""retrieval_tags"": [""수리비"", ""시세"", ""평당단가"", ""보일러배관"", ""에어컨"", ""리모델링비용""], ""reliability_score"": 0.35, ""priority"": ""하"", ""risk_category"": ""PRICE""}",0.35,하,사용,PRICE
